index,date,Python,C++,C,Java,CUDA,MPI,MIPS Assembly,JavaScript,Prolog,Scheme,Haskell,C#,Kotlin,Salsa,SQL
0,08/31/20,0,0,0,0,0,0,0,0,0,0,0,0,0,0,0
1,09/01/20,0,0,0,0,0,0,0,0,0,0,0,0,0,0,0
2,09/02/20,0,0,0,0,0,0,0,0,0,0,0,0,0,0,0
3,09/03/20,24,0,0,0,0,0,0,0,0,0,0,0,0,0,0
4,09/04/20,0,0,0,0,0,0,0,0,0,0,0,0,0,0,0
5,09/05/20,16,0,0,0,0,0,0,0,0,0,0,0,0,0,0
6,09/06/20,0,0,0,0,0,0,0,0,0,0,0,0,0,0,0
7,09/07/20,0,0,0,0,0,0,0,0,0,0,0,0,0,0,0
8,09/08/20,0,0,0,0,0,0,0,0,0,0,0,0,0,0,0
9,09/09/20,0,0,0,0,0,0,0,0,0,0,0,0,0,0,0
10,09/10/20,16,0,0,0,0,0,0,0,0,0,0,0,0,0,0
11,09/11/20,8,0,0,0,0,0,0,0,0,0,0,0,0,0,0
12,09/12/20,16,0,0,0,0,0,0,0,0,0,0,0,0,0,0
13,09/13/20,8,0,0,0,0,0,0,0,0,0,0,0,0,0,0
14,09/14/20,0,0,0,0,0,0,0,0,0,0,0,0,0,0,0
15,09/15/20,0,0,0,0,0,0,0,0,0,0,0,0,0,0,0
16,09/16/20,0,0,0,0,0,0,0,0,0,0,0,0,0,0,0
17,09/17/20,24,0,0,0,0,0,0,0,0,0,0,0,0,0,0
18,09/18/20,0,0,0,0,0,0,0,0,0,0,0,0,0,0,0
19,09/19/20,0,0,0,0,0,0,0,0,0,0,0,0,0,0,0
20,09/20/20,0,0,0,0,0,0,0,0,0,0,0,0,0,0,0
21,09/21/20,0,0,0,0,0,0,0,0,0,0,0,0,0,0,0
22,09/22/20,0,0,0,0,0,0,0,0,0,0,0,0,0,0,0
23,09/23/20,24,0,0,0,0,0,0,0,0,0,0,0,0,0,0
24,09/24/20,8,0,0,0,0,0,0,0,0,0,0,0,0,0,0
25,09/25/20,24,0,0,0,0,0,0,0,0,0,0,0,0,0,0
26,09/26/20,0,0,0,0,0,0,0,0,0,0,0,0,0,0,0
27,09/27/20,0,0,0,0,0,0,0,0,0,0,0,0,0,0,0
28,09/28/20,0,0,0,0,0,0,0,0,0,0,0,0,0,0,0
29,09/29/20,24,0,0,0,0,0,0,0,0,0,0,0,0,0,0
30,09/30/20,0,0,0,0,0,0,0,0,0,0,0,0,0,0,0
31,10/01/20,16,0,0,0,0,0,0,0,0,0,0,0,0,0,0
32,10/02/20,0,0,0,0,0,0,0,0,0,0,0,0,0,0,0
33,10/03/20,0,0,0,0,0,0,0,0,0,0,0,0,0,0,0
34,10/04/20,24,0,0,0,0,0,0,0,0,0,0,0,0,0,0
35,10/05/20,0,0,0,0,0,0,0,0,0,0,0,0,0,0,0
36,10/06/20,16,0,0,0,0,0,0,0,0,0,0,0,0,0,0
37,10/07/20,0,0,0,0,0,0,0,0,0,0,0,0,0,0,0
38,10/08/20,0,0,0,0,0,0,0,0,0,0,0,0,0,0,0
39,10/09/20,8,0,0,0,0,0,0,0,0,0,0,0,0,0,0
40,10/10/20,0,0,0,0,0,0,0,0,0,0,0,0,0,0,0
41,10/11/20,24,0,0,0,0,0,0,0,0,0,0,0,0,0,0
42,10/12/20,0,0,0,0,0,0,0,0,0,0,0,0,0,0,0
43,10/13/20,0,0,0,0,0,0,0,0,0,0,0,0,0,0,0
44,10/14/20,16,0,0,0,0,0,0,0,0,0,0,0,0,0,0
45,10/15/20,0,0,0,0,0,0,0,0,0,0,0,0,0,0,0
46,10/16/20,0,0,0,0,0,0,0,0,0,0,0,0,0,0,0
47,10/17/20,8,0,0,0,0,0,0,0,0,0,0,0,0,0,0
48,10/18/20,16,0,0,0,0,0,0,0,0,0,0,0,0,0,0
49,10/19/20,0,0,0,0,0,0,0,0,0,0,0,0,0,0,0
50,10/20/20,8,0,0,0,0,0,0,0,0,0,0,0,0,0,0
51,10/21/20,8,0,0,0,0,0,0,0,0,0,0,0,0,0,0
52,10/22/20,8,0,0,0,0,0,0,0,0,0,0,0,0,0,0
53,10/23/20,0,0,0,0,0,0,0,0,0,0,0,0,0,0,0
54,10/24/20,16,0,0,0,0,0,0,0,0,0,0,0,0,0,0
55,10/25/20,0,0,0,0,0,0,0,0,0,0,0,0,0,0,0
56,10/26/20,0,0,0,0,0,0,0,0,0,0,0,0,0,0,0
57,10/27/20,16,0,0,0,0,0,0,0,0,0,0,0,0,0,0
58,10/28/20,8,0,0,0,0,0,0,0,0,0,0,0,0,0,0
59,10/29/20,16,0,0,0,0,0,0,0,0,0,0,0,0,0,0
60,10/30/20,0,0,0,0,0,0,0,0,0,0,0,0,0,0,0
61,10/31/20,0,0,0,0,0,0,0,0,0,0,0,0,0,0,0
62,11/01/20,8,0,0,0,0,0,0,0,0,0,0,0,0,0,0
63,11/02/20,0,0,0,0,0,0,0,0,0,0,0,0,0,0,0
64,11/03/20,0,0,0,0,0,0,0,0,0,0,0,0,0,0,0
65,11/04/20,0,0,0,0,0,0,0,0,0,0,0,0,0,0,0
66,11/05/20,16,0,0,0,0,0,0,0,0,0,0,0,0,0,0
67,11/06/20,0,0,0,0,0,0,0,0,0,0,0,0,0,0,0
68,11/07/20,0,0,0,0,0,0,0,0,0,0,0,0,0,0,0
69,11/08/20,16,0,0,0,0,0,0,0,0,0,0,0,0,0,0
70,11/09/20,0,0,0,0,0,0,0,0,0,0,0,0,0,0,0
71,11/10/20,24,0,0,0,0,0,0,0,0,0,0,0,0,0,0
72,11/11/20,0,0,0,0,0,0,0,0,0,0,0,0,0,0,0
73,11/12/20,16,0,0,0,0,0,0,0,0,0,0,0,0,0,0
74,11/13/20,0,0,0,0,0,0,0,0,0,0,0,0,0,0,0
75,11/14/20,8,0,0,0,0,0,0,0,0,0,0,0,0,0,0
76,11/15/20,24,0,0,0,0,0,0,0,0,0,0,0,0,0,0
77,11/16/20,0,0,0,0,0,0,0,0,0,0,0,0,0,0,0
78,11/17/20,8,0,0,0,0,0,0,0,0,0,0,0,0,0,0
79,11/18/20,24,0,0,0,0,0,0,0,0,0,0,0,0,0,0
80,11/19/20,0,0,0,0,0,0,0,0,0,0,0,0,0,0,0
81,11/20/20,0,0,0,0,0,0,0,0,0,0,0,0,0,0,0
82,11/21/20,8,0,0,0,0,0,0,0,0,0,0,0,0,0,0
83,11/22/20,8,0,0,0,0,0,0,0,0,0,0,0,0,0,0
84,11/23/20,0,0,0,0,0,0,0,0,0,0,0,0,0,0,0
85,11/24/20,0,0,0,0,0,0,0,0,0,0,0,0,0,0,0
86,11/25/20,0,0,0,0,0,0,0,0,0,0,0,0,0,0,0
87,11/26/20,16,0,0,0,0,0,0,0,0,0,0,0,0,0,0
88,11/27/20,24,0,0,0,0,0,0,0,0,0,0,0,0,0,0
89,11/28/20,0,0,0,0,0,0,0,0,0,0,0,0,0,0,0
90,11/29/20,0,0,0,0,0,0,0,0,0,0,0,0,0,0,0
91,11/30/20,0,0,0,0,0,0,0,0,0,0,0,0,0,0,0
92,12/01/20,24,0,0,0,0,0,0,0,0,0,0,0,0,0,0
93,12/02/20,16,0,0,0,0,0,0,0,0,0,0,0,0,0,0
94,12/03/20,0,0,0,0,0,0,0,0,0,0,0,0,0,0,0
95,12/04/20,24,0,0,0,0,0,0,0,0,0,0,0,0,0,0
96,12/05/20,0,0,0,0,0,0,0,0,0,0,0,0,0,0,0
97,12/06/20,24,0,0,0,0,0,0,0,0,0,0,0,0,0,0
98,12/07/20,0,0,0,0,0,0,0,0,0,0,0,0,0,0,0
99,12/08/20,0,0,0,0,0,0,0,0,0,0,0,0,0,0,0
100,12/09/20,16,0,0,0,0,0,0,0,0,0,0,0,0,0,0
101,12/10/20,0,0,0,0,0,0,0,0,0,0,0,0,0,0,0
102,12/11/20,0,0,0,0,0,0,0,0,0,0,0,0,0,0,0
103,12/12/20,16,0,0,0,0,0,0,0,0,0,0,0,0,0,0
104,12/13/20,16,0,0,0,0,0,0,0,0,0,0,0,0,0,0
105,12/14/20,0,0,0,0,0,0,0,0,0,0,0,0,0,0,0
106,12/15/20,0,0,0,0,0,0,0,0,0,0,0,0,0,0,0
107,12/16/20,16,0,0,0,0,0,0,0,0,0,0,0,0,0,0
108,12/17/20,0,0,0,0,0,0,0,0,0,0,0,0,0,0,0
109,12/18/20,16,0,0,0,0,0,0,0,0,0,0,0,0,0,0
110,12/19/20,0,0,0,0,0,0,0,0,0,0,0,0,0,0,0
111,12/20/20,0,0,0,0,0,0,0,0,0,0,0,0,0,0,0
112,12/21/20,0,0,0,0,0,0,0,0,0,0,0,0,0,0,0
113,12/22/20,0,0,0,0,0,0,0,0,0,0,0,0,0,0,0
114,12/23/20,0,0,0,0,0,0,0,0,0,0,0,0,0,0,0
115,12/24/20,0,0,0,0,0,0,0,0,0,0,0,0,0,0,0
116,12/25/20,0,0,0,0,0,0,0,0,0,0,0,0,0,0,0
117,12/26/20,0,0,0,0,0,0,0,0,0,0,0,0,0,0,0
118,12/27/20,0,0,0,0,0,0,0,0,0,0,0,0,0,0,0
119,12/28/20,0,0,0,0,0,0,0,0,0,0,0,0,0,0,0
120,12/29/20,0,0,0,0,0,0,0,0,0,0,0,0,0,0,0
121,12/30/20,0,0,0,0,0,0,0,0,0,0,0,0,0,0,0
122,12/31/20,0,0,0,0,0,0,0,0,0,0,0,0,0,0,0
123,01/01/21,0,0,0,0,0,0,0,0,0,0,0,0,0,0,0
124,01/02/21,0,0,0,0,0,0,0,0,0,0,0,0,0,0,0
125,01/03/21,0,0,0,0,0,0,0,0,0,0,0,0,0,0,0
126,01/04/21,0,0,0,0,0,0,0,0,0,0,0,0,0,0,0
127,01/05/21,0,0,0,0,0,0,0,0,0,0,0,0,0,0,0
128,01/06/21,0,0,0,0,0,0,0,0,0,0,0,0,0,0,0
129,01/07/21,0,0,0,0,0,0,0,0,0,0,0,0,0,0,0
130,01/08/21,0,0,0,0,0,0,0,0,0,0,0,0,0,0,0
131,01/09/21,0,0,0,0,0,0,0,0,0,0,0,0,0,0,0
132,01/10/21,0,0,0,0,0,0,0,0,0,0,0,0,0,0,0
133,01/11/21,0,0,0,0,0,0,0,0,0,0,0,0,0,0,0
134,01/12/21,0,0,0,0,0,0,0,0,0,0,0,0,0,0,0
135,01/13/21,0,0,0,0,0,0,0,0,0,0,0,0,0,0,0
136,01/14/21,0,0,0,0,0,0,0,0,0,0,0,0,0,0,0
137,01/15/21,0,0,0,0,0,0,0,0,0,0,0,0,0,0,0
138,01/16/21,0,0,0,0,0,0,0,0,0,0,0,0,0,0,0
139,01/17/21,0,0,0,0,0,0,0,0,0,0,0,0,0,0,0
140,01/18/21,0,0,0,0,0,0,0,0,0,0,0,0,0,0,0
141,01/19/21,0,0,0,0,0,0,0,0,0,0,0,0,0,0,0
142,01/20/21,0,0,0,0,0,0,0,0,0,0,0,0,0,0,0
143,01/21/21,0,0,0,0,0,0,0,0,0,0,0,0,0,0,0
144,01/22/21,0,0,0,0,0,0,0,0,0,0,0,0,0,0,0
145,01/23/21,0,0,0,0,0,0,0,0,0,0,0,0,0,0,0
146,01/24/21,0,0,0,0,0,0,0,0,0,0,0,0,0,0,0
147,01/25/21,0,0,0,0,0,0,0,0,0,0,0,0,0,0,0
148,01/26/21,0,70,0,0,0,0,0,0,0,0,0,0,0,0,0
149,01/27/21,0,0,0,0,0,0,0,0,0,0,0,15,0,0,0
150,01/28/21,0,0,0,0,0,0,0,0,0,0,0,0,0,0,0
151,01/29/21,0,35,0,0,0,0,0,0,0,0,0,5,0,0,0
152,01/30/21,0,35,0,0,0,0,0,0,0,0,0,0,0,0,0
153,01/31/21,0,0,0,0,0,0,0,0,0,0,0,0,0,0,0
154,02/01/21,0,0,0,0,0,0,0,0,0,0,0,0,0,0,0
155,02/02/21,0,70,0,0,0,0,0,0,0,0,0,0,0,0,0
156,02/03/21,0,105,0,0,0,0,0,0,0,0,0,0,0,0,0
157,02/04/21,0,35,0,0,0,0,0,0,0,0,0,15,0,0,0
158,02/05/21,0,0,0,0,0,0,0,0,0,0,0,0,0,0,0
159,02/06/21,0,0,0,0,0,0,0,0,0,0,0,0,0,0,0
160,02/07/21,0,0,0,0,0,0,0,0,0,0,0,15,0,0,0
161,02/08/21,0,0,0,0,0,0,0,0,0,0,0,0,0,0,0
162,02/09/21,0,105,0,0,0,0,0,0,0,0,0,0,0,0,0
163,02/10/21,0,0,0,0,0,0,0,0,0,0,0,5,0,0,0
164,02/11/21,0,105,0,0,0,0,0,0,0,0,0,5,0,0,0
165,02/12/21,0,0,0,0,0,0,0,0,0,0,0,10,0,0,0
166,02/13/21,0,0,0,0,0,0,0,0,0,0,0,0,0,0,0
167,02/14/21,0,0,0,0,0,0,0,0,0,0,0,15,0,0,0
168,02/15/21,0,0,0,0,0,0,0,0,0,0,0,0,0,0,0
169,02/16/21,0,0,0,0,0,0,0,0,0,0,0,10,0,0,0
170,02/17/21,0,0,0,0,0,0,0,0,0,0,0,0,0,0,0
171,02/18/21,0,35,0,0,0,0,0,0,0,0,0,0,0,0,0
172,02/19/21,0,70,0,0,0,0,0,0,0,0,0,15,0,0,0
173,02/20/21,0,105,0,0,0,0,0,0,0,0,0,0,0,0,0
174,02/21/21,0,0,0,0,0,0,0,0,0,0,0,10,0,0,0
175,02/22/21,0,0,0,0,0,0,0,0,0,0,0,0,0,0,0
176,02/23/21,0,70,0,0,0,0,0,0,0,0,0,0,0,0,0
177,02/24/21,0,0,0,0,0,0,0,0,0,0,0,0,0,0,0
178,02/25/21,0,0,0,0,0,0,0,0,0,0,0,0,0,0,0
179,02/26/21,0,105,0,0,0,0,0,0,0,0,0,15,0,0,0
180,02/27/21,0,35,0,0,0,0,0,0,0,0,0,10,0,0,0
181,02/28/21,0,70,0,0,0,0,0,0,0,0,0,0,0,0,0
182,03/01/21,0,0,0,0,0,0,0,0,0,0,0,0,0,0,0
183,03/02/21,0,35,0,0,0,0,0,0,0,0,0,0,0,0,0
184,03/03/21,0,0,0,0,0,0,0,0,0,0,0,0,0,0,0
185,03/04/21,0,70,0,0,0,0,0,0,0,0,0,10,0,0,0
186,03/05/21,0,0,0,0,0,0,0,0,0,0,0,0,0,0,0
187,03/06/21,0,105,0,0,0,0,0,0,0,0,0,15,0,0,0
188,03/07/21,0,105,0,0,0,0,0,0,0,0,0,10,0,0,0
189,03/08/21,0,0,0,0,0,0,0,0,0,0,0,0,0,0,0
190,03/09/21,0,0,0,0,0,0,0,0,0,0,0,10,0,0,0
191,03/10/21,0,0,0,0,0,0,0,0,0,0,0,5,0,0,0
192,03/11/21,0,0,0,0,0,0,0,0,0,0,0,0,0,0,0
193,03/12/21,0,0,0,0,0,0,0,0,0,0,0,5,0,0,0
194,03/13/21,0,0,0,0,0,0,0,0,0,0,0,0,0,0,0
195,03/14/21,0,0,0,0,0,0,0,0,0,0,0,0,0,0,0
196,03/15/21,0,0,0,0,0,0,0,0,0,0,0,0,0,0,0
197,03/16/21,0,0,0,0,0,0,0,0,0,0,0,0,0,0,0
198,03/17/21,0,0,0,0,0,0,0,0,0,0,0,0,0,0,0
199,03/18/21,0,0,0,0,0,0,0,0,0,0,0,0,0,0,0
200,03/19/21,0,105,0,0,0,0,0,0,0,0,0,15,0,0,0
201,03/20/21,0,70,0,0,0,0,0,0,0,0,0,10,0,0,0
202,03/21/21,0,0,0,0,0,0,0,0,0,0,0,15,0,0,0
203,03/22/21,0,0,0,0,0,0,0,0,0,0,0,0,0,0,0
204,03/23/21,0,0,0,0,0,0,0,0,0,0,0,0,0,0,0
205,03/24/21,0,35,0,0,0,0,0,0,0,0,0,0,0,0,0
206,03/25/21,0,0,0,0,0,0,0,0,0,0,0,0,0,0,0
207,03/26/21,0,70,0,0,0,0,0,0,0,0,0,5,0,0,0
208,03/27/21,0,70,0,0,0,0,0,0,0,0,0,5,0,0,0
209,03/28/21,0,105,0,0,0,0,0,0,0,0,0,15,0,0,0
210,03/29/21,0,0,0,0,0,0,0,0,0,0,0,0,0,0,0
211,03/30/21,0,105,0,0,0,0,0,0,0,0,0,15,0,0,0
212,03/31/21,0,0,0,0,0,0,0,0,0,0,0,0,0,0,0
213,04/01/21,0,70,0,0,0,0,0,0,0,0,0,0,0,0,0
214,04/02/21,0,0,0,0,0,0,0,0,0,0,0,0,0,0,0
215,04/03/21,0,0,0,0,0,0,0,0,0,0,0,15,0,0,0
216,04/04/21,0,0,0,0,0,0,0,0,0,0,0,0,0,0,0
217,04/05/21,0,0,0,0,0,0,0,0,0,0,0,0,0,0,0
218,04/06/21,0,70,0,0,0,0,0,0,0,0,0,10,0,0,0
219,04/07/21,0,35,0,0,0,0,0,0,0,0,0,15,0,0,0
220,04/08/21,0,0,0,0,0,0,0,0,0,0,0,0,0,0,0
221,04/09/21,0,0,0,0,0,0,0,0,0,0,0,5,0,0,0
222,04/10/21,0,70,0,0,0,0,0,0,0,0,0,10,0,0,0
223,04/11/21,0,0,0,0,0,0,0,0,0,0,0,0,0,0,0
224,04/12/21,0,0,0,0,0,0,0,0,0,0,0,0,0,0,0
225,04/13/21,0,0,0,0,0,0,0,0,0,0,0,10,0,0,0
226,04/14/21,0,105,0,0,0,0,0,0,0,0,0,0,0,0,0
227,04/15/21,0,0,0,0,0,0,0,0,0,0,0,0,0,0,0
228,04/16/21,0,0,0,0,0,0,0,0,0,0,0,0,0,0,0
229,04/17/21,0,35,0,0,0,0,0,0,0,0,0,0,0,0,0
230,04/18/21,0,105,0,0,0,0,0,0,0,0,0,0,0,0,0
231,04/19/21,0,0,0,0,0,0,0,0,0,0,0,0,0,0,0
232,04/20/21,0,0,0,0,0,0,0,0,0,0,0,0,0,0,0
233,04/21/21,0,0,0,0,0,0,0,0,0,0,0,10,0,0,0
234,04/22/21,0,0,0,0,0,0,0,0,0,0,0,0,0,0,0
235,04/23/21,0,35,0,0,0,0,0,0,0,0,0,0,0,0,0
236,04/24/21,0,70,0,0,0,0,0,0,0,0,0,0,0,0,0
237,04/25/21,0,0,0,0,0,0,0,0,0,0,0,0,0,0,0
238,04/26/21,0,0,0,0,0,0,0,0,0,0,0,0,0,0,0
239,04/27/21,0,105,0,0,0,0,0,0,0,0,0,15,0,0,0
240,04/28/21,0,0,0,0,0,0,0,0,0,0,0,15,0,0,0
241,04/29/21,0,0,0,0,0,0,0,0,0,0,0,0,0,0,0
242,04/30/21,0,0,0,0,0,0,0,0,0,0,0,10,0,0,0
243,05/01/21,0,0,0,0,0,0,0,0,0,0,0,0,0,0,0
244,05/02/21,0,0,0,0,0,0,0,0,0,0,0,0,0,0,0
245,05/03/21,0,0,0,0,0,0,0,0,0,0,0,0,0,0,0
246,05/04/21,0,70,0,0,0,0,0,0,0,0,0,0,0,0,0
247,05/05/21,0,0,0,0,0,0,0,0,0,0,0,0,0,0,0
248,05/06/21,0,0,0,0,0,0,0,0,0,0,0,0,0,0,0
249,05/07/21,0,70,0,0,0,0,0,0,0,0,0,0,0,0,0
250,05/08/21,0,0,0,0,0,0,0,0,0,0,0,0,0,0,0
251,05/09/21,0,70,0,0,0,0,0,0,0,0,0,10,0,0,0
252,05/10/21,0,0,0,0,0,0,0,0,0,0,0,0,0,0,0
253,05/11/21,0,0,0,0,0,0,0,0,0,0,0,0,0,0,0
254,05/12/21,0,70,0,0,0,0,0,0,0,0,0,0,0,0,0
255,05/13/21,0,0,0,0,0,0,0,0,0,0,0,0,0,0,0
256,05/14/21,0,0,0,0,0,0,0,0,0,0,0,0,0,0,0
257,05/15/21,0,0,0,0,0,0,0,0,0,0,0,0,0,0,0
258,05/16/21,0,0,0,0,0,0,0,0,0,0,0,0,0,0,0
259,05/17/21,0,0,0,0,0,0,0,0,0,0,0,0,0,0,0
260,05/18/21,0,0,0,0,0,0,0,0,0,0,0,0,0,0,0
261,05/19/21,0,0,0,0,0,0,0,0,0,0,0,0,0,0,0
262,05/20/21,0,0,0,0,0,0,0,0,0,0,0,0,0,0,0
263,05/21/21,0,0,0,0,0,0,0,0,0,0,0,0,0,0,0
264,05/22/21,0,0,0,0,0,0,0,0,0,0,0,0,0,0,0
265,05/23/21,0,0,0,0,0,0,0,0,0,0,0,0,0,0,0
266,05/24/21,0,0,0,0,0,0,0,0,0,0,0,0,0,0,0
267,05/25/21,0,0,0,0,0,0,0,0,0,0,0,0,0,0,0
268,05/26/21,0,0,0,0,0,0,0,0,0,0,0,0,0,0,0
269,05/27/21,0,0,0,0,0,0,0,0,0,0,0,0,0,0,0
270,05/28/21,0,0,0,0,0,0,0,0,0,0,0,0,0,0,0
271,05/29/21,0,0,0,0,0,0,0,0,0,0,0,0,0,0,0
272,05/30/21,0,0,0,0,0,0,0,0,0,0,0,0,0,0,0
273,05/31/21,0,0,0,0,0,0,0,0,0,0,0,0,0,0,0
274,06/01/21,0,0,0,0,0,0,0,0,0,0,0,0,0,0,0
275,06/02/21,0,0,0,0,0,0,0,0,0,0,0,0,0,0,0
276,06/03/21,0,0,0,0,0,0,0,0,0,0,0,0,0,0,0
277,06/04/21,0,0,0,0,0,0,0,0,0,0,0,0,0,0,0
278,06/05/21,0,0,0,0,0,0,0,0,0,0,0,0,0,0,0
279,06/06/21,0,0,0,0,0,0,0,0,0,0,0,0,0,0,0
280,06/07/21,0,0,0,0,0,0,0,0,0,0,0,0,0,0,0
281,06/08/21,0,0,0,0,0,0,0,0,0,0,0,0,0,0,0
282,06/09/21,0,0,0,0,0,0,0,0,0,0,0,0,0,0,0
283,06/10/21,0,0,0,0,0,0,0,0,0,0,0,0,0,0,0
284,06/11/21,0,0,0,0,0,0,0,0,0,0,0,0,0,0,0
285,06/12/21,0,0,0,0,0,0,0,0,0,0,0,0,0,0,0
286,06/13/21,0,0,0,0,0,0,0,0,0,0,0,0,0,0,0
287,06/14/21,0,0,0,0,0,0,0,0,0,0,0,0,0,0,0
288,06/15/21,0,0,0,0,0,0,0,0,0,0,0,0,0,0,0
289,06/16/21,0,0,0,0,0,0,0,0,0,0,0,0,0,0,0
290,06/17/21,0,0,0,0,0,0,0,0,0,0,0,0,0,0,0
291,06/18/21,0,0,0,0,0,0,0,0,0,0,0,0,0,0,0
292,06/19/21,0,0,0,0,0,0,0,0,0,0,0,0,0,0,0
293,06/20/21,0,0,0,0,0,0,0,0,0,0,0,0,0,0,0
294,06/21/21,0,0,0,0,0,0,0,0,0,0,0,0,0,0,0
295,06/22/21,0,0,0,0,0,0,0,0,0,0,0,0,0,0,0
296,06/23/21,0,0,0,0,0,0,0,0,0,0,0,0,0,0,0
297,06/24/21,0,0,0,0,0,0,0,0,0,0,0,0,0,0,0
298,06/25/21,0,0,0,0,0,0,0,0,0,0,0,0,0,0,0
299,06/26/21,0,0,0,0,0,0,0,0,0,0,0,0,0,0,0
300,06/27/21,0,0,0,0,0,0,0,0,0,0,0,0,0,0,0
301,06/28/21,0,0,0,0,0,0,0,0,0,0,0,0,0,0,0
302,06/29/21,0,0,0,0,0,0,0,0,0,0,0,0,0,0,0
303,06/30/21,0,0,0,0,0,0,0,0,0,0,0,0,0,0,0
304,07/01/21,0,0,0,0,0,0,0,0,0,0,0,0,0,0,0
305,07/02/21,0,0,0,0,0,0,0,0,0,0,0,0,0,0,0
306,07/03/21,0,0,0,0,0,0,0,0,0,0,0,0,0,0,0
307,07/04/21,0,0,0,0,0,0,0,0,0,0,0,0,0,0,0
308,07/05/21,0,0,0,0,0,0,0,0,0,0,0,0,0,0,0
309,07/06/21,0,0,0,0,0,0,0,0,0,0,0,0,0,0,0
310,07/07/21,0,0,0,0,0,0,0,0,0,0,0,0,0,0,0
311,07/08/21,0,0,0,0,0,0,0,0,0,0,0,0,0,0,0
312,07/09/21,0,0,0,0,0,0,0,0,0,0,0,0,0,0,0
313,07/10/21,0,0,0,0,0,0,0,0,0,0,0,0,0,0,0
314,07/11/21,0,0,0,0,0,0,0,0,0,0,0,0,0,0,0
315,07/12/21,0,0,0,0,0,0,0,0,0,0,0,0,0,0,0
316,07/13/21,0,0,0,0,0,0,0,0,0,0,0,0,0,0,0
317,07/14/21,0,0,0,0,0,0,0,0,0,0,0,0,0,0,0
318,07/15/21,0,0,0,0,0,0,0,0,0,0,0,0,0,0,0
319,07/16/21,0,0,0,0,0,0,0,0,0,0,0,0,0,0,0
320,07/17/21,0,0,0,0,0,0,0,0,0,0,0,0,0,0,0
321,07/18/21,0,0,0,0,0,0,0,0,0,0,0,0,0,0,0
322,07/19/21,0,0,0,0,0,0,0,0,0,0,0,0,0,0,0
323,07/20/21,0,0,0,0,0,0,0,0,0,0,0,0,0,0,0
324,07/21/21,0,0,0,0,0,0,0,0,0,0,0,0,0,0,0
325,07/22/21,0,0,0,0,0,0,0,0,0,0,0,0,0,0,0
326,07/23/21,0,0,0,0,0,0,0,0,0,0,0,0,0,0,0
327,07/24/21,0,0,0,0,0,0,0,0,0,0,0,0,0,0,0
328,07/25/21,0,0,0,0,0,0,0,0,0,0,0,0,0,0,0
329,07/26/21,0,0,0,0,0,0,0,0,0,0,0,0,0,0,0
330,07/27/21,0,0,0,0,0,0,0,0,0,0,0,0,0,0,0
331,07/28/21,0,0,0,0,0,0,0,0,0,0,0,0,0,0,0
332,07/29/21,0,0,0,0,0,0,0,0,0,0,0,0,0,0,0
333,07/30/21,0,0,0,0,0,0,0,0,0,0,0,0,0,0,0
334,07/31/21,0,0,0,0,0,0,0,0,0,0,0,0,0,0,0
335,08/01/21,0,0,0,0,0,0,0,0,0,0,0,0,0,0,0
336,08/02/21,0,0,0,0,0,0,0,0,0,0,0,0,0,0,0
337,08/03/21,0,0,0,0,0,0,0,0,0,0,0,0,0,0,0
338,08/04/21,0,0,0,0,0,0,0,0,0,0,0,0,0,0,0
339,08/05/21,0,0,0,0,0,0,0,0,0,0,0,0,0,0,0
340,08/06/21,0,0,0,0,0,0,0,0,0,0,0,0,0,0,0
341,08/07/21,0,0,0,0,0,0,0,0,0,0,0,0,0,0,0
342,08/08/21,0,0,0,0,0,0,0,0,0,0,0,0,0,0,0
343,08/09/21,0,0,0,0,0,0,0,0,0,0,0,0,0,0,0
344,08/10/21,0,0,0,0,0,0,0,0,0,0,0,0,0,0,0
345,08/11/21,0,0,0,0,0,0,0,0,0,0,0,0,0,0,0
346,08/12/21,0,0,0,0,0,0,0,0,0,0,0,0,0,0,0
347,08/13/21,0,0,0,0,0,0,0,0,0,0,0,0,0,0,0
348,08/14/21,0,0,0,0,0,0,0,0,0,0,0,0,0,0,0
349,08/15/21,0,0,0,0,0,0,0,0,0,0,0,0,0,0,0
350,08/16/21,0,0,0,0,0,0,0,0,0,0,0,0,0,0,0
351,08/17/21,0,0,0,0,0,0,0,0,0,0,0,0,0,0,0
352,08/18/21,0,0,0,0,0,0,0,0,0,0,0,0,0,0,0
353,08/19/21,0,0,0,0,0,0,0,0,0,0,0,0,0,0,0
354,08/20/21,0,0,0,0,0,0,0,0,0,0,0,0,0,0,0
355,08/21/21,0,0,0,0,0,0,0,0,0,0,0,0,0,0,0
356,08/22/21,0,0,0,0,0,0,0,0,0,0,0,0,0,0,0
357,08/23/21,0,0,0,0,0,0,0,0,0,0,0,0,0,0,0
358,08/24/21,0,0,0,0,0,0,0,0,0,0,0,0,0,0,0
359,08/25/21,0,0,0,0,0,0,0,0,0,0,0,0,0,0,0
360,08/26/21,0,0,0,0,0,0,0,0,0,0,0,0,0,0,0
361,08/27/21,0,0,0,0,0,0,0,0,0,0,0,0,0,0,0
362,08/28/21,0,0,0,0,0,0,0,0,0,0,0,0,0,0,0
363,08/29/21,0,0,0,0,0,0,0,0,0,0,0,0,0,0,0
364,08/30/21,0,0,0,0,0,0,0,0,0,0,0,0,0,0,0
365,08/31/21,0,0,0,0,0,0,33,0,0,0,0,0,0,0,0
366,09/01/21,0,0,69,0,0,0,0,0,0,0,0,0,0,0,0
367,09/02/21,0,0,0,0,0,0,11,0,0,0,0,18,0,0,0
368,09/03/21,0,0,23,0,0,0,0,0,0,0,0,0,0,0,0
369,09/04/21,0,0,69,0,0,0,33,0,0,0,0,9,0,0,0
370,09/05/21,0,0,23,0,0,0,0,0,0,0,0,18,0,0,0
371,09/06/21,0,0,0,0,0,0,0,0,0,0,0,0,0,0,0
372,09/07/21,0,0,46,0,0,0,33,0,0,0,0,9,0,0,0
373,09/08/21,0,0,23,0,0,0,0,0,0,0,0,0,0,0,0
374,09/09/21,0,0,0,0,0,0,0,0,0,0,0,0,0,0,0
375,09/10/21,0,0,0,0,0,0,33,0,0,0,0,9,0,0,0
376,09/11/21,0,0,23,0,0,0,0,0,0,0,0,18,0,0,0
377,09/12/21,0,0,0,0,0,0,0,0,0,0,0,0,0,0,0
378,09/13/21,0,0,0,0,0,0,0,0,0,0,0,0,0,0,0
379,09/14/21,0,0,23,0,0,0,0,0,0,0,0,0,0,0,0
380,09/15/21,0,0,0,0,0,0,11,0,0,0,0,0,0,0,0
381,09/16/21,0,0,0,0,0,0,22,0,0,0,0,0,0,0,0
382,09/17/21,0,0,0,0,0,0,0,0,0,0,0,0,0,0,0
383,09/18/21,0,0,0,0,0,0,0,0,0,0,0,27,0,0,0
384,09/19/21,0,0,0,0,0,0,0,0,0,0,0,9,0,0,0
385,09/20/21,0,0,0,0,0,0,0,0,0,0,0,0,0,0,0
386,09/21/21,0,0,0,0,0,0,33,0,0,0,0,9,0,0,0
387,09/22/21,0,0,46,0,0,0,11,0,0,0,0,0,0,0,0
388,09/23/21,0,0,0,0,0,0,33,0,0,0,0,0,0,0,0
389,09/24/21,0,0,23,0,0,0,33,0,0,0,0,27,0,0,0
390,09/25/21,0,0,0,0,0,0,33,0,0,0,0,0,0,0,0
391,09/26/21,0,0,0,0,0,0,0,0,0,0,0,0,0,0,0
392,09/27/21,0,0,0,0,0,0,0,0,0,0,0,0,0,0,0
393,09/28/21,0,0,0,0,0,0,11,0,0,0,0,27,0,0,0
394,09/29/21,0,0,0,0,0,0,0,0,0,0,0,0,0,0,0
395,09/30/21,0,0,0,0,0,0,0,0,0,0,0,0,0,0,0
396,10/01/21,0,0,0,0,0,0,11,0,0,0,0,0,0,0,0
397,10/02/21,0,0,0,0,0,0,0,0,0,0,0,0,0,0,0
398,10/03/21,0,0,0,0,0,0,33,0,0,0,0,0,0,0,0
399,10/04/21,0,0,0,0,0,0,0,0,0,0,0,0,0,0,0
400,10/05/21,0,0,46,0,0,0,0,0,0,0,0,0,0,0,0
401,10/06/21,0,0,46,0,0,0,22,0,0,0,0,27,0,0,0
402,10/07/21,0,0,23,0,0,0,0,0,0,0,0,0,0,0,0
403,10/08/21,0,0,0,0,0,0,0,0,0,0,0,0,0,0,0
404,10/09/21,0,0,23,0,0,0,0,0,0,0,0,0,0,0,0
405,10/10/21,0,0,0,0,0,0,11,0,0,0,0,0,0,0,0
406,10/11/21,0,0,0,0,0,0,0,0,0,0,0,0,0,0,0
407,10/12/21,0,0,23,0,0,0,0,0,0,0,0,0,0,0,0
408,10/13/21,0,0,0,0,0,0,22,0,0,0,0,0,0,0,0
409,10/14/21,0,0,23,0,0,0,0,0,0,0,0,0,0,0,0
410,10/15/21,0,0,0,0,0,0,22,0,0,0,0,27,0,0,0
411,10/16/21,0,0,0,0,0,0,0,0,0,0,0,0,0,0,0
412,10/17/21,0,0,0,0,0,0,22,0,0,0,0,0,0,0,0
413,10/18/21,0,0,0,0,0,0,0,0,0,0,0,0,0,0,0
414,10/19/21,0,0,46,0,0,0,0,0,0,0,0,0,0,0,0
415,10/20/21,0,0,0,0,0,0,0,0,0,0,0,27,0,0,0
416,10/21/21,0,0,0,0,0,0,0,0,0,0,0,18,0,0,0
417,10/22/21,0,0,46,0,0,0,33,0,0,0,0,0,0,0,0
418,10/23/21,0,0,0,0,0,0,0,0,0,0,0,9,0,0,0
419,10/24/21,0,0,0,0,0,0,0,0,0,0,0,0,0,0,0
420,10/25/21,0,0,0,0,0,0,0,0,0,0,0,0,0,0,0
421,10/26/21,0,0,0,0,0,0,33,0,0,0,0,0,0,0,0
422,10/27/21,0,0,0,0,0,0,22,0,0,0,0,0,0,0,0
423,10/28/21,0,0,69,0,0,0,22,0,0,0,0,0,0,0,0
424,10/29/21,0,0,69,0,0,0,33,0,0,0,0,0,0,0,0
425,10/30/21,0,0,0,0,0,0,11,0,0,0,0,0,0,0,0
426,10/31/21,0,0,46,0,0,0,22,0,0,0,0,9,0,0,0
427,11/01/21,0,0,0,0,0,0,0,0,0,0,0,0,0,0,0
428,11/02/21,0,0,0,0,0,0,11,0,0,0,0,0,0,0,0
429,11/03/21,0,0,0,0,0,0,0,0,0,0,0,0,0,0,0
430,11/04/21,0,0,0,0,0,0,22,0,0,0,0,0,0,0,0
431,11/05/21,0,0,23,0,0,0,22,0,0,0,0,18,0,0,0
432,11/06/21,0,0,69,0,0,0,0,0,0,0,0,0,0,0,0
433,11/07/21,0,0,46,0,0,0,33,0,0,0,0,0,0,0,0
434,11/08/21,0,0,0,0,0,0,0,0,0,0,0,0,0,0,0
435,11/09/21,0,0,23,0,0,0,0,0,0,0,0,0,0,0,0
436,11/10/21,0,0,0,0,0,0,0,0,0,0,0,9,0,0,0
437,11/11/21,0,0,23,0,0,0,0,0,0,0,0,9,0,0,0
438,11/12/21,0,0,69,0,0,0,0,0,0,0,0,0,0,0,0
439,11/13/21,0,0,23,0,0,0,0,0,0,0,0,0,0,0,0
440,11/14/21,0,0,23,0,0,0,0,0,0,0,0,18,0,0,0
441,11/15/21,0,0,0,0,0,0,0,0,0,0,0,0,0,0,0
442,11/16/21,0,0,0,0,0,0,0,0,0,0,0,0,0,0,0
443,11/17/21,0,0,0,0,0,0,11,0,0,0,0,0,0,0,0
444,11/18/21,0,0,23,0,0,0,0,0,0,0,0,0,0,0,0
445,11/19/21,0,0,0,0,0,0,0,0,0,0,0,0,0,0,0
446,11/20/21,0,0,0,0,0,0,0,0,0,0,0,0,0,0,0
447,11/21/21,0,0,0,0,0,0,0,0,0,0,0,0,0,0,0
448,11/22/21,0,0,0,0,0,0,0,0,0,0,0,0,0,0,0
449,11/23/21,0,0,69,0,0,0,0,0,0,0,0,0,0,0,0
450,11/24/21,0,0,0,0,0,0,11,0,0,0,0,18,0,0,0
451,11/25/21,0,0,23,0,0,0,0,0,0,0,0,0,0,0,0
452,11/26/21,0,0,0,0,0,0,0,0,0,0,0,0,0,0,0
453,11/27/21,0,0,23,0,0,0,0,0,0,0,0,27,0,0,0
454,11/28/21,0,0,0,0,0,0,0,0,0,0,0,0,0,0,0
455,11/29/21,0,0,0,0,0,0,0,0,0,0,0,0,0,0,0
456,11/30/21,0,0,46,0,0,0,22,0,0,0,0,0,0,0,0
457,12/01/21,0,0,0,0,0,0,33,0,0,0,0,9,0,0,0
458,12/02/21,0,0,69,0,0,0,33,0,0,0,0,18,0,0,0
459,12/03/21,0,0,0,0,0,0,33,0,0,0,0,0,0,0,0
460,12/04/21,0,0,0,0,0,0,0,0,0,0,0,18,0,0,0
461,12/05/21,0,0,69,0,0,0,0,0,0,0,0,18,0,0,0
462,12/06/21,0,0,0,0,0,0,0,0,0,0,0,0,0,0,0
463,12/07/21,0,0,0,0,0,0,0,0,0,0,0,0,0,0,0
464,12/08/21,0,0,0,0,0,0,22,0,0,0,0,0,0,0,0
465,12/09/21,0,0,0,0,0,0,0,0,0,0,0,0,0,0,0
466,12/10/21,0,0,69,0,0,0,22,0,0,0,0,27,0,0,0
467,12/11/21,0,0,0,0,0,0,0,0,0,0,0,0,0,0,0
468,12/12/21,0,0,0,0,0,0,0,0,0,0,0,0,0,0,0
469,12/13/21,0,0,0,0,0,0,0,0,0,0,0,0,0,0,0
470,12/14/21,0,0,0,0,0,0,0,0,0,0,0,0,0,0,0
471,12/15/21,0,0,0,0,0,0,0,0,0,0,0,0,0,0,0
472,12/16/21,0,0,0,0,0,0,0,0,0,0,0,0,0,0,0
473,12/17/21,0,0,0,0,0,0,0,0,0,0,0,0,0,0,0
474,12/18/21,0,0,0,0,0,0,0,0,0,0,0,0,0,0,0
475,12/19/21,0,0,0,0,0,0,0,0,0,0,0,0,0,0,0
476,12/20/21,0,0,0,0,0,0,0,0,0,0,0,0,0,0,0
477,12/21/21,0,0,0,0,0,0,0,0,0,0,0,0,0,0,0
478,12/22/21,0,0,0,0,0,0,0,0,0,0,0,0,0,0,0
479,12/23/21,0,0,0,0,0,0,0,0,0,0,0,0,0,0,0
480,12/24/21,0,0,0,0,0,0,0,0,0,0,0,0,0,0,0
481,12/25/21,0,0,0,0,0,0,0,0,0,0,0,0,0,0,0
482,12/26/21,0,0,0,0,0,0,0,0,0,0,0,0,0,0,0
483,12/27/21,0,0,0,0,0,0,0,0,0,0,0,0,0,0,0
484,12/28/21,0,0,0,0,0,0,0,0,0,0,0,0,0,0,0
485,12/29/21,0,0,0,0,0,0,0,0,0,0,0,0,0,0,0
486,12/30/21,0,0,0,0,0,0,0,0,0,0,0,0,0,0,0
487,12/31/21,0,0,0,0,0,0,0,0,0,0,0,0,0,0,0
488,01/01/22,0,0,0,0,0,0,0,0,0,0,0,0,0,0,0
489,01/02/22,0,0,0,0,0,0,0,0,0,0,0,0,0,0,0
490,01/03/22,0,0,0,0,0,0,0,0,0,0,0,0,0,0,0
491,01/04/22,0,0,0,0,0,0,0,0,0,0,0,0,0,0,0
492,01/05/22,0,0,0,0,0,0,0,0,0,0,0,0,0,0,0
493,01/06/22,0,0,0,0,0,0,0,0,0,0,0,0,0,0,0
494,01/07/22,0,0,0,0,0,0,0,0,0,0,0,0,0,0,0
495,01/08/22,0,0,0,0,0,0,0,0,0,0,0,0,0,0,0
496,01/09/22,0,0,0,0,0,0,0,0,0,0,0,0,0,0,0
497,01/10/22,0,0,0,0,0,0,0,0,0,0,0,0,0,0,0
498,01/11/22,16,0,0,0,0,0,0,0,0,0,0,0,0,0,0
499,01/12/22,24,0,0,0,0,0,0,0,0,0,0,0,0,0,0
500,01/13/22,0,0,0,0,0,0,0,0,0,0,0,0,0,0,0
501,01/14/22,16,0,0,0,0,0,0,0,0,0,0,0,0,0,0
502,01/15/22,0,0,0,0,0,0,0,0,0,0,0,0,0,0,0
503,01/16/22,0,0,0,0,0,0,0,0,0,0,0,0,0,0,0
504,01/17/22,0,0,0,0,0,0,0,0,0,0,0,0,0,0,0
505,01/18/22,0,0,0,0,0,0,0,0,0,0,0,0,0,0,0
506,01/19/22,16,0,0,0,0,0,0,0,0,0,0,0,0,0,0
507,01/20/22,8,0,0,0,0,0,0,0,0,0,0,0,0,0,0
508,01/21/22,0,0,0,0,0,0,0,0,0,0,0,0,0,0,0
509,01/22/22,0,0,0,0,0,0,0,0,0,0,0,0,0,0,0
510,01/23/22,24,0,0,0,0,0,0,0,0,0,0,0,0,0,0
511,01/24/22,0,0,0,0,0,0,0,0,0,0,0,0,0,0,0
512,01/25/22,0,0,0,0,0,0,0,0,0,0,0,0,0,0,0
513,01/26/22,8,0,0,0,0,0,0,0,0,0,0,0,0,0,0
514,01/27/22,8,0,0,0,0,0,0,0,0,0,0,0,0,0,0
515,01/28/22,8,0,0,0,0,0,0,0,0,0,0,0,0,0,0
516,01/29/22,24,0,0,0,0,0,0,0,0,0,0,0,0,0,0
517,01/30/22,0,0,0,0,0,0,0,0,0,0,0,0,0,0,0
518,01/31/22,0,0,0,0,0,0,0,0,0,0,0,0,0,0,0
519,02/01/22,0,0,0,0,0,0,0,0,0,0,0,0,0,0,0
520,02/02/22,0,0,0,0,0,0,0,0,0,0,0,0,0,0,0
521,02/03/22,0,0,0,0,0,0,0,0,0,0,0,0,0,0,0
522,02/04/22,0,0,0,0,0,0,0,0,0,0,0,0,0,0,0
523,02/05/22,8,0,0,0,0,0,0,0,0,0,0,0,0,0,0
524,02/06/22,16,0,0,0,0,0,0,0,0,0,0,0,0,0,0
525,02/07/22,0,0,0,0,0,0,0,0,0,0,0,0,0,0,0
526,02/08/22,24,0,0,0,0,0,0,0,0,0,0,0,0,0,0
527,02/09/22,24,0,0,0,0,0,0,0,0,0,0,0,0,0,0
528,02/10/22,0,0,0,0,0,0,0,0,0,0,0,0,0,0,0
529,02/11/22,16,0,0,0,0,0,0,0,0,0,0,0,0,0,0
530,02/12/22,24,0,0,0,0,0,0,0,0,0,0,0,0,0,0
531,02/13/22,24,0,0,0,0,0,0,0,0,0,0,0,0,0,0
532,02/14/22,0,0,0,0,0,0,0,0,0,0,0,0,0,0,0
533,02/15/22,0,0,0,0,0,0,0,0,0,0,0,0,0,0,0
534,02/16/22,16,0,0,0,0,0,0,0,0,0,0,0,0,0,0
535,02/17/22,8,0,0,0,0,0,0,0,0,0,0,0,0,0,0
536,02/18/22,0,0,0,0,0,0,0,0,0,0,0,0,0,0,0
537,02/19/22,8,0,0,0,0,0,0,0,0,0,0,0,0,0,0
538,02/20/22,0,0,0,0,0,0,0,0,0,0,0,0,0,0,0
539,02/21/22,0,0,0,0,0,0,0,0,0,0,0,0,0,0,0
540,02/22/22,24,0,0,0,0,0,0,0,0,0,0,0,0,0,0
541,02/23/22,0,0,0,0,0,0,0,0,0,0,0,0,0,0,0
542,02/24/22,0,0,0,0,0,0,0,0,0,0,0,0,0,0,0
543,02/25/22,0,0,0,0,0,0,0,0,0,0,0,0,0,0,0
544,02/26/22,8,0,0,0,0,0,0,0,0,0,0,0,0,0,0
545,02/27/22,8,0,0,0,0,0,0,0,0,0,0,0,0,0,0
546,02/28/22,0,0,0,0,0,0,0,0,0,0,0,0,0,0,0
547,03/01/22,24,0,0,0,0,0,0,0,0,0,0,0,0,0,0
548,03/02/22,0,0,0,0,0,0,0,0,0,0,0,0,0,0,0
549,03/03/22,0,0,0,0,0,0,0,0,0,0,0,0,0,0,0
550,03/04/22,0,0,0,0,0,0,0,0,0,0,0,0,0,0,0
551,03/05/22,0,0,0,0,0,0,0,0,0,0,0,0,0,0,0
552,03/06/22,0,0,0,0,0,0,0,0,0,0,0,0,0,0,0
553,03/07/22,0,0,0,0,0,0,0,0,0,0,0,0,0,0,0
554,03/08/22,0,0,0,0,0,0,0,0,0,0,0,0,0,0,0
555,03/09/22,24,0,0,0,0,0,0,0,0,0,0,0,0,0,0
556,03/10/22,0,0,0,0,0,0,0,0,0,0,0,0,0,0,0
557,03/11/22,8,0,0,0,0,0,0,0,0,0,0,0,0,0,0
558,03/12/22,0,0,0,0,0,0,0,0,0,0,0,0,0,0,0
559,03/13/22,16,0,0,0,0,0,0,0,0,0,0,0,0,0,0
560,03/14/22,0,0,0,0,0,0,0,0,0,0,0,0,0,0,0
561,03/15/22,0,0,0,0,0,0,0,0,0,0,0,0,0,0,0
562,03/16/22,8,0,0,0,0,0,0,0,0,0,0,0,0,0,0
563,03/17/22,0,0,0,0,0,0,0,0,0,0,0,0,0,0,0
564,03/18/22,16,0,0,0,0,0,0,0,0,0,0,0,0,0,0
565,03/19/22,0,0,0,0,0,0,0,0,0,0,0,0,0,0,0
566,03/20/22,0,0,0,0,0,0,0,0,0,0,0,0,0,0,0
567,03/21/22,0,0,0,0,0,0,0,0,0,0,0,0,0,0,0
568,03/22/22,0,0,0,0,0,0,0,0,0,0,0,0,0,0,0
569,03/23/22,0,0,0,0,0,0,0,0,0,0,0,0,0,0,0
570,03/24/22,24,0,0,0,0,0,0,0,0,0,0,0,0,0,0
571,03/25/22,24,0,0,0,0,0,0,0,0,0,0,0,0,0,0
572,03/26/22,24,0,0,0,0,0,0,0,0,0,0,0,0,0,0
573,03/27/22,0,0,0,0,0,0,0,0,0,0,0,0,0,0,0
574,03/28/22,0,0,0,0,0,0,0,0,0,0,0,0,0,0,0
575,03/29/22,0,0,0,0,0,0,0,0,0,0,0,0,0,0,0
576,03/30/22,0,0,0,0,0,0,0,0,0,0,0,0,0,0,0
577,03/31/22,0,0,0,0,0,0,0,0,0,0,0,0,0,0,0
578,04/01/22,0,0,0,0,0,0,0,0,0,0,0,0,0,0,0
579,04/02/22,8,0,0,0,0,0,0,0,0,0,0,0,0,0,0
580,04/03/22,0,0,0,0,0,0,0,0,0,0,0,0,0,0,0
581,04/04/22,0,0,0,0,0,0,0,0,0,0,0,0,0,0,0
582,04/05/22,0,0,0,0,0,0,0,0,0,0,0,0,0,0,0
583,04/06/22,8,0,0,0,0,0,0,0,0,0,0,0,0,0,0
584,04/07/22,0,0,0,0,0,0,0,0,0,0,0,0,0,0,0
585,04/08/22,8,0,0,0,0,0,0,0,0,0,0,0,0,0,0
586,04/09/22,0,0,0,0,0,0,0,0,0,0,0,0,0,0,0
587,04/10/22,0,0,0,0,0,0,0,0,0,0,0,0,0,0,0
588,04/11/22,0,0,0,0,0,0,0,0,0,0,0,0,0,0,0
589,04/12/22,16,0,0,0,0,0,0,0,0,0,0,0,0,0,0
590,04/13/22,8,0,0,0,0,0,0,0,0,0,0,0,0,0,0
591,04/14/22,8,0,0,0,0,0,0,0,0,0,0,0,0,0,0
592,04/15/22,0,0,0,0,0,0,0,0,0,0,0,0,0,0,0
593,04/16/22,0,0,0,0,0,0,0,0,0,0,0,0,0,0,0
594,04/17/22,8,0,0,0,0,0,0,0,0,0,0,0,0,0,0
595,04/18/22,0,0,0,0,0,0,0,0,0,0,0,0,0,0,0
596,04/19/22,24,0,0,0,0,0,0,0,0,0,0,0,0,0,0
597,04/20/22,0,0,0,0,0,0,0,0,0,0,0,0,0,0,0
598,04/21/22,0,0,0,0,0,0,0,0,0,0,0,0,0,0,0
599,04/22/22,8,0,0,0,0,0,0,0,0,0,0,0,0,0,0
600,04/23/22,16,0,0,0,0,0,0,0,0,0,0,0,0,0,0
601,04/24/22,24,0,0,0,0,0,0,0,0,0,0,0,0,0,0
602,04/25/22,0,0,0,0,0,0,0,0,0,0,0,0,0,0,0
603,04/26/22,16,0,0,0,0,0,0,0,0,0,0,0,0,0,0
604,04/27/22,16,0,0,0,0,0,0,0,0,0,0,0,0,0,0
605,04/28/22,0,0,0,0,0,0,0,0,0,0,0,0,0,0,0
606,04/29/22,24,0,0,0,0,0,0,0,0,0,0,0,0,0,0
607,04/30/22,8,0,0,0,0,0,0,0,0,0,0,0,0,0,0
608,05/01/22,0,0,0,0,0,0,0,0,0,0,0,0,0,0,0
609,05/02/22,0,0,0,0,0,0,0,0,0,0,0,0,0,0,0
610,05/03/22,0,0,0,0,0,0,0,0,0,0,0,0,0,0,0
611,05/04/22,16,0,0,0,0,0,0,0,0,0,0,0,0,0,0
612,05/05/22,0,0,0,0,0,0,0,0,0,0,0,0,0,0,0
613,05/06/22,8,0,0,0,0,0,0,0,0,0,0,0,0,0,0
614,05/07/22,0,0,0,0,0,0,0,0,0,0,0,0,0,0,0
615,05/08/22,0,0,0,0,0,0,0,0,0,0,0,0,0,0,0
616,05/09/22,0,0,0,0,0,0,0,0,0,0,0,0,0,0,0
617,05/10/22,0,0,0,0,0,0,0,0,0,0,0,0,0,0,0
618,05/11/22,0,0,0,0,0,0,0,0,0,0,0,0,0,0,0
619,05/12/22,0,0,0,0,0,0,0,0,0,0,0,0,0,0,0
620,05/13/22,0,0,0,0,0,0,0,0,0,0,0,0,0,0,0
621,05/14/22,0,0,0,0,0,0,0,0,0,0,0,0,0,0,0
622,05/15/22,0,0,0,0,0,0,0,0,0,0,0,0,0,0,0
623,05/16/22,0,0,0,0,0,0,0,0,0,0,0,0,0,0,0
624,05/17/22,0,0,0,0,0,0,0,0,0,0,0,0,0,0,0
625,05/18/22,0,0,0,0,0,0,0,0,0,0,0,0,0,0,0
626,05/19/22,0,0,0,0,0,0,0,0,0,0,0,0,0,0,0
627,05/20/22,0,0,0,0,0,0,0,0,0,0,0,0,0,0,0
628,05/21/22,0,0,0,0,0,0,0,0,0,0,0,0,0,0,0
629,05/22/22,0,0,0,0,0,0,0,0,0,0,0,0,0,0,0
630,05/23/22,0,0,0,0,0,0,0,0,0,0,0,0,0,0,0
631,05/24/22,0,0,0,0,0,0,0,0,0,0,0,0,0,0,0
632,05/25/22,0,0,0,0,0,0,0,0,0,0,0,0,0,0,0
633,05/26/22,0,0,0,52,0,0,0,0,0,0,0,0,0,0,0
634,05/27/22,0,0,0,26,0,0,0,0,0,0,0,0,0,0,0
635,05/28/22,0,0,0,0,0,0,0,0,0,0,0,10,0,0,0
636,05/29/22,0,0,0,0,0,0,0,0,0,0,0,0,0,0,0
637,05/30/22,0,0,0,0,0,0,0,0,0,0,0,0,0,0,0
638,05/31/22,0,0,0,0,0,0,0,0,0,0,0,0,0,0,0
639,06/01/22,0,0,0,0,0,0,0,0,0,0,0,30,0,0,0
640,06/02/22,0,0,0,0,0,0,0,0,0,0,0,0,0,0,0
641,06/03/22,0,0,0,0,0,0,0,0,0,0,0,0,0,0,0
642,06/04/22,0,0,0,78,0,0,0,0,0,0,0,0,0,0,0
643,06/05/22,0,0,0,26,0,0,0,0,0,0,0,30,0,0,0
644,06/06/22,0,0,0,0,0,0,0,0,0,0,0,0,0,0,0
645,06/07/22,0,0,0,78,0,0,0,0,0,0,0,0,0,0,0
646,06/08/22,0,0,0,0,0,0,0,0,0,0,0,10,0,0,0
647,06/09/22,0,0,0,0,0,0,0,0,0,0,0,20,0,0,0
648,06/10/22,0,0,0,52,0,0,0,0,0,0,0,20,0,0,0
649,06/11/22,0,0,0,0,0,0,0,0,0,0,0,30,0,0,0
650,06/12/22,0,0,0,26,0,0,0,0,0,0,0,0,0,0,0
651,06/13/22,0,0,0,0,0,0,0,0,0,0,0,0,0,0,0
652,06/14/22,0,0,0,0,0,0,0,0,0,0,0,20,0,0,0
653,06/15/22,0,0,0,0,0,0,0,0,0,0,0,0,0,0,0
654,06/16/22,0,0,0,0,0,0,0,0,0,0,0,0,0,0,0
655,06/17/22,0,0,0,0,0,0,0,0,0,0,0,0,0,0,0
656,06/18/22,0,0,0,26,0,0,0,0,0,0,0,30,0,0,0
657,06/19/22,0,0,0,0,0,0,0,0,0,0,0,10,0,0,0
658,06/20/22,0,0,0,0,0,0,0,0,0,0,0,0,0,0,0
659,06/21/22,0,0,0,0,0,0,0,0,0,0,0,20,0,0,0
660,06/22/22,0,0,0,78,0,0,0,0,0,0,0,10,0,0,0
661,06/23/22,0,0,0,52,0,0,0,0,0,0,0,30,0,0,0
662,06/24/22,0,0,0,0,0,0,0,0,0,0,0,20,0,0,0
663,06/25/22,0,0,0,0,0,0,0,0,0,0,0,0,0,0,0
664,06/26/22,0,0,0,0,0,0,0,0,0,0,0,0,0,0,0
665,06/27/22,0,0,0,0,0,0,0,0,0,0,0,0,0,0,0
666,06/28/22,0,0,0,52,0,0,0,0,0,0,0,30,0,0,0
667,06/29/22,0,0,0,52,0,0,0,0,0,0,0,30,0,0,0
668,06/30/22,0,0,0,0,0,0,0,0,0,0,0,20,0,0,0
669,07/01/22,0,0,0,26,0,0,0,0,0,0,0,20,0,0,0
670,07/02/22,0,0,0,26,0,0,0,0,0,0,0,20,0,0,0
671,07/03/22,0,0,0,0,0,0,0,0,0,0,0,0,0,0,0
672,07/04/22,0,0,0,0,0,0,0,0,0,0,0,0,0,0,0
673,07/05/22,0,0,0,78,0,0,0,0,0,0,0,20,0,0,0
674,07/06/22,0,0,0,52,0,0,0,0,0,0,0,10,0,0,0
675,07/07/22,0,0,0,0,0,0,0,0,0,0,0,10,0,0,0
676,07/08/22,0,0,0,0,0,0,0,0,0,0,0,0,0,0,0
677,07/09/22,0,0,0,0,0,0,0,0,0,0,0,20,0,0,0
678,07/10/22,0,0,0,0,0,0,0,0,0,0,0,0,0,0,0
679,07/11/22,0,0,0,0,0,0,0,0,0,0,0,0,0,0,0
680,07/12/22,0,0,0,78,0,0,0,0,0,0,0,30,0,0,0
681,07/13/22,0,0,0,0,0,0,0,0,0,0,0,0,0,0,0
682,07/14/22,0,0,0,0,0,0,0,0,0,0,0,10,0,0,0
683,07/15/22,0,0,0,0,0,0,0,0,0,0,0,0,0,0,0
684,07/16/22,0,0,0,0,0,0,0,0,0,0,0,0,0,0,0
685,07/17/22,0,0,0,0,0,0,0,0,0,0,0,0,0,0,0
686,07/18/22,0,0,0,0,0,0,0,0,0,0,0,0,0,0,0
687,07/19/22,0,0,0,26,0,0,0,0,0,0,0,0,0,0,0
688,07/20/22,0,0,0,0,0,0,0,0,0,0,0,0,0,0,0
689,07/21/22,0,0,0,0,0,0,0,0,0,0,0,10,0,0,0
690,07/22/22,0,0,0,52,0,0,0,0,0,0,0,0,0,0,0
691,07/23/22,0,0,0,0,0,0,0,0,0,0,0,0,0,0,0
692,07/24/22,0,0,0,0,0,0,0,0,0,0,0,0,0,0,0
693,07/25/22,0,0,0,0,0,0,0,0,0,0,0,0,0,0,0
694,07/26/22,0,0,0,52,0,0,0,0,0,0,0,30,0,0,0
695,07/27/22,0,0,0,0,0,0,0,0,0,0,0,0,0,0,0
696,07/28/22,0,0,0,0,0,0,0,0,0,0,0,0,0,0,0
697,07/29/22,0,0,0,52,0,0,0,0,0,0,0,0,0,0,0
698,07/30/22,0,0,0,0,0,0,0,0,0,0,0,0,0,0,0
699,07/31/22,0,0,0,0,0,0,0,0,0,0,0,0,0,0,0
700,08/01/22,0,0,0,0,0,0,0,0,0,0,0,0,0,0,0
701,08/02/22,0,0,0,52,0,0,0,0,0,0,0,0,0,0,0
702,08/03/22,0,0,0,0,0,0,0,0,0,0,0,0,0,0,0
703,08/04/22,0,0,0,26,0,0,0,0,0,0,0,0,0,0,0
704,08/05/22,0,0,0,78,0,0,0,0,0,0,0,20,0,0,0
705,08/06/22,0,0,0,0,0,0,0,0,0,0,0,30,0,0,0
706,08/07/22,0,0,0,0,0,0,0,0,0,0,0,20,0,0,0
707,08/08/22,0,0,0,0,0,0,0,0,0,0,0,0,0,0,0
708,08/09/22,0,0,0,0,0,0,0,0,0,0,0,0,0,0,0
709,08/10/22,0,0,0,26,0,0,0,0,0,0,0,0,0,0,0
710,08/11/22,0,0,0,26,0,0,0,0,0,0,0,20,0,0,0
711,08/12/22,0,0,0,52,0,0,0,0,0,0,0,20,0,0,0
712,08/13/22,0,0,0,52,0,0,0,0,0,0,0,0,0,0,0
713,08/14/22,0,0,0,0,0,0,0,0,0,0,0,20,0,0,0
714,08/15/22,0,0,0,0,0,0,0,0,0,0,0,0,0,0,0
715,08/16/22,0,0,0,0,0,0,0,0,0,0,0,0,0,0,0
716,08/17/22,0,0,0,0,0,0,0,0,0,0,0,0,0,0,0
717,08/18/22,0,0,0,0,0,0,0,0,0,0,0,20,0,0,0
718,08/19/22,0,0,0,0,0,0,0,0,0,0,0,20,0,0,0
719,08/20/22,0,0,0,0,0,0,0,0,0,0,0,0,0,0,0
720,08/21/22,0,0,0,0,0,0,0,0,0,0,0,0,0,0,0
721,08/22/22,0,0,0,0,0,0,0,0,0,0,0,0,0,0,0
722,08/23/22,0,0,0,0,0,0,0,0,0,0,0,0,0,0,0
723,08/24/22,0,0,0,0,0,0,0,0,0,0,0,0,0,0,0
724,08/25/22,0,0,0,0,0,0,0,0,0,0,0,0,0,0,0
725,08/26/22,0,0,0,0,0,0,0,0,0,0,0,0,0,0,0
726,08/27/22,0,0,0,0,0,0,0,0,0,0,0,0,0,0,0
727,08/28/22,0,0,0,0,0,0,0,0,0,0,0,0,0,0,0
728,08/29/22,0,0,0,0,0,0,0,0,0,0,0,0,0,0,0
729,08/30/22,0,0,6,0,0,0,0,0,0,0,0,0,0,0,0
730,08/31/22,0,0,0,0,0,0,0,0,0,0,0,0,0,0,0
731,09/01/22,0,0,0,0,0,0,0,0,0,0,0,0,0,0,0
732,09/02/22,0,0,0,0,0,0,0,0,0,0,0,0,0,0,0
733,09/03/22,0,0,6,0,0,0,0,0,0,0,0,0,0,0,0
734,09/04/22,0,0,0,0,0,0,0,0,0,0,0,0,0,0,0
735,09/05/22,0,0,0,0,0,0,0,0,0,0,0,0,0,0,0
736,09/06/22,0,0,18,0,0,0,0,0,0,0,0,0,0,0,0
737,09/07/22,0,0,6,0,0,0,0,0,0,0,0,0,0,0,0
738,09/08/22,0,0,0,0,0,0,0,0,0,0,0,0,0,0,0
739,09/09/22,0,0,6,0,0,0,0,0,0,0,0,0,0,0,0
740,09/10/22,0,0,0,0,0,0,0,0,0,0,0,0,0,0,0
741,09/11/22,0,0,6,0,0,0,0,0,0,0,0,0,0,0,0
742,09/12/22,0,0,0,0,0,0,0,0,0,0,0,0,0,0,0
743,09/13/22,0,0,6,0,0,0,0,0,0,0,0,0,0,0,0
744,09/14/22,0,0,18,0,0,0,0,0,0,0,0,0,0,0,0
745,09/15/22,0,0,0,0,0,0,0,0,0,0,0,0,0,0,0
746,09/16/22,0,0,0,0,0,0,0,0,0,0,0,0,0,0,0
747,09/17/22,0,0,0,0,0,0,0,0,0,0,0,0,0,0,0
748,09/18/22,0,0,0,0,0,0,0,0,0,0,0,0,0,0,0
749,09/19/22,0,0,0,0,0,0,0,0,0,0,0,0,0,0,0
750,09/20/22,0,0,0,0,0,0,0,0,0,0,0,0,0,0,0
751,09/21/22,0,0,0,0,0,0,0,0,0,0,0,0,0,0,0
752,09/22/22,0,0,0,0,0,0,0,0,0,0,0,0,0,0,0
753,09/23/22,0,0,6,0,0,0,0,0,0,0,0,0,0,0,0
754,09/24/22,0,0,12,0,0,0,0,0,0,0,0,0,0,0,0
755,09/25/22,0,0,0,0,0,0,0,0,0,0,0,0,0,0,0
756,09/26/22,0,0,0,0,0,0,0,0,0,0,0,0,0,0,0
757,09/27/22,0,0,0,0,0,0,0,0,0,0,0,0,0,0,0
758,09/28/22,0,0,18,0,0,0,0,0,0,0,0,0,0,0,0
759,09/29/22,0,0,0,0,0,0,0,0,0,0,0,0,0,0,0
760,09/30/22,0,0,12,0,0,0,0,0,0,0,0,0,0,0,0
761,10/01/22,0,0,0,0,0,0,0,0,0,0,0,0,0,0,0
762,10/02/22,0,0,0,0,0,0,0,0,0,0,0,0,0,0,0
763,10/03/22,0,0,0,0,0,0,0,0,0,0,0,0,0,0,0
764,10/04/22,0,0,6,0,0,0,0,0,0,0,0,0,0,0,0
765,10/05/22,0,0,6,0,0,0,0,0,0,0,0,0,0,0,0
766,10/06/22,0,0,6,0,0,0,0,0,0,0,0,0,0,0,0
767,10/07/22,0,0,12,0,0,0,0,0,0,0,0,0,0,0,0
768,10/08/22,0,0,12,0,0,0,0,0,0,0,0,0,0,0,0
769,10/09/22,0,0,6,0,0,0,0,0,0,0,0,0,0,0,0
770,10/10/22,0,0,0,0,0,0,0,0,0,0,0,0,0,0,0
771,10/11/22,0,0,12,0,0,0,0,0,0,0,0,0,0,0,0
772,10/12/22,0,0,18,0,0,0,0,0,0,0,0,0,0,0,0
773,10/13/22,0,0,12,0,0,0,0,0,0,0,0,0,0,0,0
774,10/14/22,0,0,0,0,0,0,0,0,0,0,0,0,0,0,0
775,10/15/22,0,0,18,0,0,0,0,0,0,0,0,0,0,0,0
776,10/16/22,0,0,0,0,0,0,0,0,0,0,0,0,0,0,0
777,10/17/22,0,0,0,0,0,0,0,0,0,0,0,0,0,0,0
778,10/18/22,0,0,0,0,0,0,0,0,0,0,0,0,0,0,0
779,10/19/22,0,0,6,0,0,0,0,0,0,0,0,0,0,0,0
780,10/20/22,0,0,18,0,0,0,0,0,0,0,0,0,0,0,0
781,10/21/22,0,0,0,0,0,0,0,0,0,0,0,0,0,0,0
782,10/22/22,0,0,0,0,0,0,0,0,0,0,0,0,0,0,0
783,10/23/22,0,0,6,0,0,0,0,0,0,0,0,0,0,0,0
784,10/24/22,0,0,0,0,0,0,0,0,0,0,0,0,0,0,0
785,10/25/22,0,0,0,0,0,0,0,0,0,0,0,0,0,0,0
786,10/26/22,0,0,0,0,0,0,0,0,0,0,0,0,0,0,0
787,10/27/22,0,0,6,0,0,0,0,0,0,0,0,0,0,0,0
788,10/28/22,0,0,6,0,0,0,0,0,0,0,0,0,0,0,0
789,10/29/22,0,0,6,0,0,0,0,0,0,0,0,0,0,0,0
790,10/30/22,0,0,0,0,0,0,0,0,0,0,0,0,0,0,0
791,10/31/22,0,0,0,0,0,0,0,0,0,0,0,0,0,0,0
792,11/01/22,0,0,6,0,0,0,0,0,0,0,0,0,0,0,0
793,11/02/22,0,0,12,0,0,0,0,0,0,0,0,0,0,0,0
794,11/03/22,0,0,0,0,0,0,0,0,0,0,0,0,0,0,0
795,11/04/22,0,0,18,0,0,0,0,0,0,0,0,0,0,0,0
796,11/05/22,0,0,0,0,0,0,0,0,0,0,0,0,0,0,0
797,11/06/22,0,0,6,0,0,0,0,0,0,0,0,0,0,0,0
798,11/07/22,0,0,0,0,0,0,0,0,0,0,0,0,0,0,0
799,11/08/22,0,0,12,0,0,0,0,0,0,0,0,0,0,0,0
800,11/09/22,0,0,18,0,0,0,0,0,0,0,0,0,0,0,0
801,11/10/22,0,0,0,0,0,0,0,0,0,0,0,0,0,0,0
802,11/11/22,0,0,0,0,0,0,0,0,0,0,0,0,0,0,0
803,11/12/22,0,0,18,0,0,0,0,0,0,0,0,0,0,0,0
804,11/13/22,0,0,0,0,0,0,0,0,0,0,0,0,0,0,0
805,11/14/22,0,0,0,0,0,0,0,0,0,0,0,0,0,0,0
806,11/15/22,0,0,0,0,0,0,0,0,0,0,0,0,0,0,0
807,11/16/22,0,0,12,0,0,0,0,0,0,0,0,0,0,0,0
808,11/17/22,0,0,12,0,0,0,0,0,0,0,0,0,0,0,0
809,11/18/22,0,0,12,0,0,0,0,0,0,0,0,0,0,0,0
810,11/19/22,0,0,6,0,0,0,0,0,0,0,0,0,0,0,0
811,11/20/22,0,0,0,0,0,0,0,0,0,0,0,0,0,0,0
812,11/21/22,0,0,0,0,0,0,0,0,0,0,0,0,0,0,0
813,11/22/22,0,0,0,0,0,0,0,0,0,0,0,0,0,0,0
814,11/23/22,0,0,0,0,0,0,0,0,0,0,0,0,0,0,0
815,11/24/22,0,0,0,0,0,0,0,0,0,0,0,0,0,0,0
816,11/25/22,0,0,12,0,0,0,0,0,0,0,0,0,0,0,0
817,11/26/22,0,0,0,0,0,0,0,0,0,0,0,0,0,0,0
818,11/27/22,0,0,12,0,0,0,0,0,0,0,0,0,0,0,0
819,11/28/22,0,0,0,0,0,0,0,0,0,0,0,0,0,0,0
820,11/29/22,0,0,18,0,0,0,0,0,0,0,0,0,0,0,0
821,11/30/22,0,0,6,0,0,0,0,0,0,0,0,0,0,0,0
822,12/01/22,0,0,18,0,0,0,0,0,0,0,0,0,0,0,0
823,12/02/22,0,0,0,0,0,0,0,0,0,0,0,0,0,0,0
824,12/03/22,0,0,6,0,0,0,0,0,0,0,0,0,0,0,0
825,12/04/22,0,0,18,0,0,0,0,0,0,0,0,0,0,0,0
826,12/05/22,0,0,0,0,0,0,0,0,0,0,0,0,0,0,0
827,12/06/22,0,0,6,0,0,0,0,0,0,0,0,0,0,0,0
828,12/07/22,0,0,0,0,0,0,0,0,0,0,0,0,0,0,0
829,12/08/22,0,0,18,0,0,0,0,0,0,0,0,0,0,0,0
830,12/09/22,0,0,18,0,0,0,0,0,0,0,0,0,0,0,0
831,12/10/22,0,0,0,0,0,0,0,0,0,0,0,0,0,0,0
832,12/11/22,0,0,0,0,0,0,0,0,0,0,0,0,0,0,0
833,12/12/22,0,0,0,0,0,0,0,0,0,0,0,0,0,0,0
834,12/13/22,0,0,0,0,0,0,0,0,0,0,0,0,0,0,0
835,12/14/22,0,0,0,0,0,0,0,0,0,0,0,0,0,0,0
836,12/15/22,0,0,18,0,0,0,0,0,0,0,0,0,0,0,0
837,12/16/22,0,0,0,0,0,0,0,0,0,0,0,0,0,0,0
838,12/17/22,0,0,0,0,0,0,0,0,0,0,0,0,0,0,0
839,12/18/22,0,0,0,0,0,0,0,0,0,0,0,0,0,0,0
840,12/19/22,0,0,0,0,0,0,0,0,0,0,0,0,0,0,0
841,12/20/22,0,0,0,0,0,0,0,0,0,0,0,0,0,0,0
842,12/21/22,0,0,0,0,0,0,0,0,0,0,0,0,0,0,0
843,12/22/22,0,0,0,0,0,0,0,0,0,0,0,0,0,0,0
844,12/23/22,0,0,0,0,0,0,0,0,0,0,0,0,0,0,0
845,12/24/22,0,0,0,0,0,0,0,0,0,0,0,0,0,0,0
846,12/25/22,0,0,0,0,0,0,0,0,0,0,0,0,0,0,0
847,12/26/22,0,0,0,0,0,0,0,0,0,0,0,0,0,0,0
848,12/27/22,0,0,0,0,0,0,0,0,0,0,0,0,0,0,0
849,12/28/22,0,0,0,0,0,0,0,0,0,0,0,0,0,0,0
850,12/29/22,0,0,0,0,0,0,0,0,0,0,0,0,0,0,0
851,12/30/22,0,0,0,0,0,0,0,0,0,0,0,0,0,0,0
852,12/31/22,0,0,0,0,0,0,0,0,0,0,0,0,0,0,0
853,01/01/23,0,0,0,0,0,0,0,0,0,0,0,0,0,0,0
854,01/02/23,0,0,0,0,0,0,0,0,0,0,0,0,0,0,0
855,01/03/23,0,0,0,0,0,0,0,0,0,0,0,0,0,0,0
856,01/04/23,0,0,0,0,0,0,0,0,0,0,0,0,0,0,0
857,01/05/23,0,0,0,0,0,0,0,0,0,0,0,0,0,0,0
858,01/06/23,0,0,0,0,0,0,0,0,0,0,0,0,0,0,0
859,01/07/23,0,0,0,0,0,0,0,0,0,0,0,0,0,0,0
860,01/08/23,0,0,0,0,0,0,0,0,0,0,0,0,0,0,0
861,01/09/23,0,0,0,0,0,0,0,0,0,0,0,0,0,0,0
862,01/10/23,0,0,0,0,0,0,0,0,0,0,0,0,0,0,0
863,01/11/23,0,0,0,0,0,0,0,0,0,0,0,0,0,0,0
864,01/12/23,0,0,0,0,0,0,0,0,0,0,0,0,0,0,0
865,01/13/23,0,0,0,0,0,0,0,0,0,0,0,0,0,0,0
866,01/14/23,0,0,0,0,0,0,0,0,0,0,0,0,0,0,0
867,01/15/23,0,0,0,0,0,0,0,0,0,0,0,0,0,0,0
868,01/16/23,0,0,0,0,0,0,0,0,0,0,0,0,0,0,0
869,01/17/23,0,0,0,0,0,0,0,0,0,0,0,0,0,0,0
870,01/18/23,0,0,0,0,0,0,0,0,0,0,0,0,0,0,0
871,01/19/23,0,0,0,0,0,0,0,0,0,0,0,0,0,0,0
872,01/20/23,0,0,0,0,0,0,0,0,0,0,0,0,0,0,0
873,01/21/23,0,0,0,0,0,0,0,0,0,0,0,0,0,0,0
874,01/22/23,0,0,0,0,0,0,0,0,0,0,0,0,0,0,0
875,01/23/23,0,0,0,0,0,0,0,0,0,0,0,0,0,0,0
876,01/24/23,0,0,0,0,0,0,0,0,0,0,0,0,0,0,0
877,01/25/23,0,0,0,0,0,0,0,0,0,0,0,0,0,0,0
878,01/26/23,0,0,0,0,0,0,0,0,0,0,0,0,0,0,0
879,01/27/23,0,0,0,0,0,0,0,0,0,0,0,0,0,0,0
880,01/28/23,0,0,0,0,0,0,0,0,0,0,0,0,0,0,0
881,01/29/23,0,0,0,0,0,0,0,0,0,0,0,0,0,0,0
882,01/30/23,0,0,0,0,0,0,0,0,0,0,0,0,0,0,0
883,01/31/23,0,0,0,0,0,0,0,0,0,0,0,0,0,0,0
884,02/01/23,0,0,0,0,0,0,0,0,0,0,0,0,0,0,0
885,02/02/23,0,0,0,0,0,0,0,0,0,0,0,0,0,0,0
886,02/03/23,0,0,0,0,0,0,0,0,0,0,0,0,0,0,0
887,02/04/23,0,0,0,0,0,0,0,0,0,0,0,0,0,0,0
888,02/05/23,0,0,0,0,0,0,0,0,0,0,0,0,0,0,0
889,02/06/23,0,0,0,0,0,0,0,0,0,0,0,0,0,0,0
890,02/07/23,0,0,0,0,0,0,0,0,0,0,0,0,0,0,0
891,02/08/23,0,0,0,0,0,0,0,0,0,0,0,0,0,0,0
892,02/09/23,0,0,0,0,0,0,0,0,0,0,0,0,0,0,0
893,02/10/23,0,0,0,0,0,0,0,0,0,0,0,0,0,0,0
894,02/11/23,0,0,0,0,0,0,0,0,0,0,0,0,0,0,0
895,02/12/23,0,0,0,0,0,0,0,0,0,0,0,0,0,0,0
896,02/13/23,0,0,0,0,0,0,0,0,0,0,0,0,0,0,0
897,02/14/23,0,0,0,0,0,0,0,0,0,0,0,0,0,0,0
898,02/15/23,0,0,0,0,0,0,0,0,0,0,0,0,0,0,0
899,02/16/23,0,0,0,0,0,0,0,0,0,0,0,0,0,0,0
900,02/17/23,0,0,0,0,0,0,0,0,0,0,0,0,0,0,0
901,02/18/23,0,0,0,0,0,0,0,0,0,0,0,0,0,0,0
902,02/19/23,0,0,0,0,0,0,0,0,0,0,0,0,0,0,0
903,02/20/23,0,0,0,0,0,0,0,0,0,0,0,0,0,0,0
904,02/21/23,0,0,0,0,0,0,0,0,0,0,0,0,0,0,0
905,02/22/23,0,0,0,0,0,0,0,0,0,0,0,0,0,0,0
906,02/23/23,0,0,0,0,0,0,0,0,0,0,0,0,0,0,0
907,02/24/23,0,0,0,0,0,0,0,0,0,0,0,0,0,0,0
908,02/25/23,0,0,0,0,0,0,0,0,0,0,0,0,0,0,0
909,02/26/23,0,0,0,0,0,0,0,0,0,0,0,0,0,0,0
910,02/27/23,0,0,0,0,0,0,0,0,0,0,0,0,0,0,0
911,02/28/23,0,0,0,0,0,0,0,0,0,0,0,0,0,0,0
912,03/01/23,0,0,0,0,0,0,0,0,0,0,0,0,0,0,0
913,03/02/23,0,0,0,0,0,0,0,0,0,0,0,0,0,0,0
914,03/03/23,0,0,0,0,0,0,0,0,0,0,0,0,0,0,0
915,03/04/23,0,0,0,0,0,0,0,0,0,0,0,0,0,0,0
916,03/05/23,0,0,0,0,0,0,0,0,0,0,0,0,0,0,0
917,03/06/23,0,0,0,0,0,0,0,0,0,0,0,0,0,0,0
918,03/07/23,0,0,0,0,0,0,0,0,0,0,0,0,0,0,0
919,03/08/23,0,0,0,0,0,0,0,0,0,0,0,0,0,0,0
920,03/09/23,0,0,0,0,0,0,0,0,0,0,0,0,0,0,0
921,03/10/23,0,0,0,0,0,0,0,0,0,0,0,0,0,0,0
922,03/11/23,0,0,0,0,0,0,0,0,0,0,0,0,0,0,0
923,03/12/23,0,0,0,0,0,0,0,0,0,0,0,0,0,0,0
924,03/13/23,0,0,0,0,0,0,0,0,0,0,0,0,0,0,0
925,03/14/23,0,0,0,0,0,0,0,0,0,0,0,0,0,0,0
926,03/15/23,0,0,0,0,0,0,0,0,0,0,0,0,0,0,0
927,03/16/23,0,0,0,0,0,0,0,0,0,0,0,0,0,0,0
928,03/17/23,0,0,0,0,0,0,0,0,0,0,0,0,0,0,0
929,03/18/23,0,0,0,0,0,0,0,0,0,0,0,0,0,0,0
930,03/19/23,0,0,0,0,0,0,0,0,0,0,0,0,0,0,0
931,03/20/23,0,0,0,0,0,0,0,0,0,0,0,0,0,0,0
932,03/21/23,0,0,0,0,0,0,0,0,0,0,0,0,0,0,0
933,03/22/23,0,0,0,0,0,0,0,0,0,0,0,0,0,0,0
934,03/23/23,0,0,0,0,0,0,0,0,0,0,0,0,0,0,0
935,03/24/23,0,0,0,0,0,0,0,0,0,0,0,0,0,0,0
936,03/25/23,0,0,0,0,0,0,0,0,0,0,0,0,0,0,0
937,03/26/23,0,0,0,0,0,0,0,0,0,0,0,0,0,0,0
938,03/27/23,0,0,0,0,0,0,0,0,0,0,0,0,0,0,0
939,03/28/23,0,0,0,0,0,0,0,0,0,0,0,0,0,0,0
940,03/29/23,0,0,0,0,0,0,0,0,0,0,0,0,0,0,0
941,03/30/23,0,0,0,0,0,0,0,0,0,0,0,0,0,0,0
942,03/31/23,0,0,0,0,0,0,0,0,0,0,0,0,0,0,0
943,04/01/23,0,0,0,0,0,0,0,0,0,0,0,0,0,0,0
944,04/02/23,0,0,0,0,0,0,0,0,0,0,0,0,0,0,0
945,04/03/23,0,0,0,0,0,0,0,0,0,0,0,0,0,0,0
946,04/04/23,0,0,0,0,0,0,0,0,0,0,0,0,0,0,0
947,04/05/23,0,0,0,0,0,0,0,0,0,0,0,0,0,0,0
948,04/06/23,0,0,0,0,0,0,0,0,0,0,0,0,0,0,0
949,04/07/23,0,0,0,0,0,0,0,0,0,0,0,0,0,0,0
950,04/08/23,0,0,0,0,0,0,0,0,0,0,0,0,0,0,0
951,04/09/23,0,0,0,0,0,0,0,0,0,0,0,0,0,0,0
952,04/10/23,0,0,0,0,0,0,0,0,0,0,0,0,0,0,0
953,04/11/23,0,0,0,0,0,0,0,0,0,0,0,0,0,0,0
954,04/12/23,0,0,0,0,0,0,0,0,0,0,0,0,0,0,0
955,04/13/23,0,0,0,0,0,0,0,0,0,0,0,0,0,0,0
956,04/14/23,0,0,0,0,0,0,0,0,0,0,0,0,0,0,0
957,04/15/23,0,0,0,0,0,0,0,0,0,0,0,0,0,0,0
958,04/16/23,0,0,0,0,0,0,0,0,0,0,0,0,0,0,0
959,04/17/23,0,0,0,0,0,0,0,0,0,0,0,0,0,0,0
960,04/18/23,0,0,0,0,0,0,0,0,0,0,0,0,0,0,0
961,04/19/23,0,0,0,0,0,0,0,0,0,0,0,0,0,0,0
962,04/20/23,0,0,0,0,0,0,0,0,0,0,0,0,0,0,0
963,04/21/23,0,0,0,0,0,0,0,0,0,0,0,0,0,0,0
964,04/22/23,0,0,0,0,0,0,0,0,0,0,0,0,0,0,0
965,04/23/23,0,0,0,0,0,0,0,0,0,0,0,0,0,0,0
966,04/24/23,0,0,0,0,0,0,0,0,0,0,0,0,0,0,0
967,04/25/23,0,0,0,0,0,0,0,0,0,0,0,0,0,0,0
968,04/26/23,0,0,0,0,0,0,0,0,0,0,0,0,0,0,0
969,04/27/23,0,0,0,0,0,0,0,0,0,0,0,0,0,0,0
970,04/28/23,0,0,0,0,0,0,0,0,0,0,0,0,0,0,0
971,04/29/23,0,0,0,0,0,0,0,0,0,0,0,0,0,0,0
972,04/30/23,0,0,0,0,0,0,0,0,0,0,0,0,0,0,0
973,05/01/23,0,0,0,0,0,0,0,0,0,0,0,0,0,0,0
974,05/02/23,0,0,0,0,0,0,0,0,0,0,0,0,0,0,0
975,05/03/23,0,0,0,0,0,0,0,0,0,0,0,0,0,0,0
976,05/04/23,0,0,0,0,0,0,0,0,0,0,0,0,0,0,0
977,05/05/23,0,0,0,0,0,0,0,0,0,0,0,0,0,0,0
978,05/06/23,0,0,0,0,0,0,0,0,0,0,0,0,0,0,0
979,05/07/23,0,0,0,0,0,0,0,0,0,0,0,0,0,0,0
980,05/08/23,0,0,0,0,0,0,0,0,0,0,0,0,0,0,0
981,05/09/23,0,0,0,0,0,0,0,0,0,0,0,0,0,0,0
982,05/10/23,0,0,0,0,0,0,0,0,0,0,0,0,0,0,0
983,05/11/23,0,0,0,0,0,0,0,0,0,0,0,0,0,0,0
984,05/12/23,0,0,0,0,0,0,0,0,0,0,0,0,0,0,0
985,05/13/23,0,0,0,0,0,0,0,0,0,0,0,0,0,0,0
986,05/14/23,0,0,0,0,0,0,0,0,0,0,0,0,0,0,0
987,05/15/23,0,0,0,0,0,0,0,0,0,0,0,0,0,0,0
988,05/16/23,0,0,0,0,0,0,0,0,0,0,0,0,0,0,0
989,05/17/23,0,0,0,0,0,0,0,0,0,0,0,0,0,0,0
990,05/18/23,0,0,0,0,0,0,0,0,0,0,0,0,0,0,0
991,05/19/23,0,0,0,0,0,0,0,0,0,0,0,0,0,0,0
992,05/20/23,0,0,0,0,0,0,0,0,0,0,0,0,0,0,0
993,05/21/23,0,0,0,0,0,0,0,0,0,0,0,0,0,0,0
994,05/22/23,0,0,0,0,0,0,0,0,0,0,0,0,0,0,0
995,05/23/23,0,0,0,0,0,0,0,8,0,0,0,0,0,0,0
996,05/24/23,0,0,0,0,0,0,0,0,0,0,0,0,0,0,0
997,05/25/23,0,0,0,0,0,0,0,0,0,0,0,0,0,0,0
998,05/26/23,0,0,0,0,0,0,0,0,0,0,0,0,0,0,0
999,05/27/23,0,0,0,0,0,0,0,4,0,0,0,0,0,0,0
1000,05/28/23,0,0,0,0,0,0,0,4,0,0,0,0,0,0,0
1001,05/29/23,0,0,0,0,0,0,0,0,0,0,0,0,0,0,0
1002,05/30/23,0,0,0,0,0,0,0,0,0,0,0,0,0,0,0
1003,05/31/23,0,0,0,0,0,0,0,0,0,0,0,0,0,0,0
1004,06/01/23,0,0,0,0,0,0,0,0,0,0,0,0,0,0,0
1005,06/02/23,0,0,0,0,0,0,0,0,0,0,0,0,0,0,0
1006,06/03/23,0,0,0,0,0,0,0,0,0,0,0,0,0,0,0
1007,06/04/23,0,0,0,0,0,0,0,4,0,0,0,0,0,0,0
1008,06/05/23,0,0,0,0,0,0,0,0,0,0,0,0,0,0,0
1009,06/06/23,0,0,0,0,0,0,0,0,0,0,0,0,0,0,0
1010,06/07/23,0,0,0,0,0,0,0,0,0,0,0,0,0,0,0
1011,06/08/23,0,0,0,0,0,0,0,0,0,0,0,0,0,0,0
1012,06/09/23,0,0,0,0,0,0,0,12,0,0,0,0,0,0,0
1013,06/10/23,0,0,0,0,0,0,0,8,0,0,0,0,0,0,0
1014,06/11/23,0,0,0,0,0,0,0,0,0,0,0,0,0,0,0
1015,06/12/23,0,0,0,0,0,0,0,0,0,0,0,0,0,0,0
1016,06/13/23,0,0,0,0,0,0,0,0,0,0,0,0,0,0,0
1017,06/14/23,0,0,0,0,0,0,0,0,0,0,0,0,0,0,0
1018,06/15/23,0,0,0,0,0,0,0,12,0,0,0,0,0,0,0
1019,06/16/23,0,0,0,0,0,0,0,0,0,0,0,0,0,0,0
1020,06/17/23,0,0,0,0,0,0,0,0,0,0,0,0,0,0,0
1021,06/18/23,0,0,0,0,0,0,0,4,0,0,0,0,0,0,0
1022,06/19/23,0,0,0,0,0,0,0,0,0,0,0,0,0,0,0
1023,06/20/23,0,0,0,0,0,0,0,0,0,0,0,0,0,0,0
1024,06/21/23,0,0,0,0,0,0,0,0,0,0,0,0,0,0,0
1025,06/22/23,0,0,0,0,0,0,0,0,0,0,0,0,0,0,0
1026,06/23/23,0,0,0,0,0,0,0,0,0,0,0,0,0,0,0
1027,06/24/23,0,0,0,0,0,0,0,0,0,0,0,0,0,0,0
1028,06/25/23,0,0,0,0,0,0,0,4,0,0,0,0,0,0,0
1029,06/26/23,0,0,0,0,0,0,0,0,0,0,0,0,0,0,0
1030,06/27/23,0,0,0,0,0,0,0,4,0,0,0,0,0,0,0
1031,06/28/23,0,0,0,0,0,0,0,0,0,0,0,0,0,0,0
1032,06/29/23,0,0,0,0,0,0,0,0,0,0,0,0,0,0,0
1033,06/30/23,0,0,0,0,0,0,0,0,0,0,0,0,0,0,0
1034,07/01/23,0,0,0,0,0,0,0,0,0,0,0,0,0,0,0
1035,07/02/23,0,0,0,0,0,0,0,0,0,0,0,0,0,0,0
1036,07/03/23,0,0,0,0,0,0,0,0,0,0,0,0,0,0,0
1037,07/04/23,0,0,0,0,0,0,0,4,0,0,0,0,0,0,0
1038,07/05/23,0,0,0,0,0,0,0,0,0,0,0,0,0,0,0
1039,07/06/23,0,0,0,0,0,0,0,0,0,0,0,0,0,0,0
1040,07/07/23,0,0,0,0,0,0,0,0,0,0,0,0,0,0,0
1041,07/08/23,0,0,0,0,0,0,0,4,0,0,0,0,0,0,0
1042,07/09/23,0,0,0,0,0,0,0,0,0,0,0,0,0,0,0
1043,07/10/23,0,0,0,0,0,0,0,0,0,0,0,0,0,0,0
1044,07/11/23,0,0,0,0,0,0,0,0,0,0,0,0,0,0,0
1045,07/12/23,0,0,0,0,0,0,0,0,0,0,0,0,0,0,0
1046,07/13/23,0,0,0,0,0,0,0,8,0,0,0,0,0,0,0
1047,07/14/23,0,0,0,0,0,0,0,0,0,0,0,0,0,0,0
1048,07/15/23,0,0,0,0,0,0,0,0,0,0,0,0,0,0,0
1049,07/16/23,0,0,0,0,0,0,0,0,0,0,0,0,0,0,0
1050,07/17/23,0,0,0,0,0,0,0,0,0,0,0,0,0,0,0
1051,07/18/23,0,0,0,0,0,0,0,0,0,0,0,0,0,0,0
1052,07/19/23,0,0,0,0,0,0,0,0,0,0,0,0,0,0,0
1053,07/20/23,0,0,0,0,0,0,0,0,0,0,0,0,0,0,0
1054,07/21/23,0,0,0,0,0,0,0,4,0,0,0,0,0,0,0
1055,07/22/23,0,0,0,0,0,0,0,8,0,0,0,0,0,0,0
1056,07/23/23,0,0,0,0,0,0,0,8,0,0,0,0,0,0,0
1057,07/24/23,0,0,0,0,0,0,0,0,0,0,0,0,0,0,0
1058,07/25/23,0,0,0,0,0,0,0,8,0,0,0,0,0,0,0
1059,07/26/23,0,0,0,0,0,0,0,12,0,0,0,0,0,0,0
1060,07/27/23,0,0,0,0,0,0,0,0,0,0,0,0,0,0,0
1061,07/28/23,0,0,0,0,0,0,0,0,0,0,0,0,0,0,0
1062,07/29/23,0,0,0,0,0,0,0,0,0,0,0,0,0,0,0
1063,07/30/23,0,0,0,0,0,0,0,12,0,0,0,0,0,0,0
1064,07/31/23,0,0,0,0,0,0,0,0,0,0,0,0,0,0,0
1065,08/01/23,0,0,0,0,0,0,0,0,0,0,0,0,0,0,0
1066,08/02/23,0,0,0,0,0,0,0,12,0,0,0,0,0,0,0
1067,08/03/23,0,0,0,0,0,0,0,0,0,0,0,0,0,0,0
1068,08/04/23,0,0,0,0,0,0,0,12,0,0,0,0,0,0,0
1069,08/05/23,0,0,0,0,0,0,0,4,0,0,0,0,0,0,0
1070,08/06/23,0,0,0,0,0,0,0,12,0,0,0,0,0,0,0
1071,08/07/23,0,0,0,0,0,0,0,0,0,0,0,0,0,0,0
1072,08/08/23,0,0,0,0,0,0,0,12,0,0,0,0,0,0,0
1073,08/09/23,0,0,0,0,0,0,0,0,0,0,0,0,0,0,0
1074,08/10/23,0,0,0,0,0,0,0,8,0,0,0,0,0,0,0
1075,08/11/23,0,0,0,0,0,0,0,4,0,0,0,0,0,0,0
1076,08/12/23,0,0,0,0,0,0,0,0,0,0,0,0,0,0,0
1077,08/13/23,0,0,0,0,0,0,0,0,0,0,0,0,0,0,0
1078,08/14/23,0,0,0,0,0,0,0,0,0,0,0,0,0,0,0
1079,08/15/23,0,0,0,0,0,0,0,8,0,0,0,0,0,0,0
1080,08/16/23,0,0,0,0,0,0,0,4,0,0,0,0,0,0,0
1081,08/17/23,0,0,0,0,0,0,0,4,0,0,0,0,0,0,0
1082,08/18/23,0,0,0,0,0,0,0,12,0,0,0,0,0,0,0
1083,08/19/23,0,0,0,0,0,0,0,0,0,0,0,0,0,0,0
1084,08/20/23,0,0,0,0,0,0,0,0,0,0,0,0,0,0,0
1085,08/21/23,0,0,0,0,0,0,0,0,0,0,0,0,0,0,0
1086,08/22/23,0,0,0,0,0,0,0,0,0,0,0,0,0,0,0
1087,08/23/23,0,0,0,0,0,0,0,0,0,0,0,0,0,0,0
1088,08/24/23,0,0,0,0,0,0,0,0,0,0,0,0,0,0,0
1089,08/25/23,0,0,0,0,0,0,0,0,0,0,0,0,0,0,0
1090,08/26/23,0,0,0,0,0,0,0,0,0,0,0,0,0,0,0
1091,08/27/23,0,0,0,0,0,0,0,0,0,0,0,0,0,0,0
1092,08/28/23,0,0,0,0,0,0,0,0,0,0,0,0,0,0,0
1093,08/29/23,0,0,0,0,0,0,0,0,10,0,8,0,0,0,0
1094,08/30/23,0,0,0,0,0,0,0,0,10,0,0,0,0,0,0
1095,08/31/23,0,0,0,45,0,0,0,0,30,0,0,0,0,0,0
1096,09/01/23,0,0,0,0,0,0,0,0,30,0,0,0,0,0,0
1097,09/02/23,0,0,0,0,0,0,0,0,0,0,8,0,0,0,0
1098,09/03/23,0,0,0,15,0,0,0,0,30,0,0,0,0,24,0
1099,09/04/23,0,0,0,0,0,0,0,0,0,0,0,0,0,0,0
1100,09/05/23,0,0,0,45,0,0,0,0,0,0,0,0,0,0,0
1101,09/06/23,0,0,0,0,0,0,0,0,0,0,0,0,0,0,0
1102,09/07/23,0,0,0,0,0,0,0,0,0,0,0,0,0,0,0
1103,09/08/23,0,0,0,0,0,0,0,0,0,0,24,0,0,0,0
1104,09/09/23,0,0,0,45,0,0,0,0,0,0,0,0,0,0,0
1105,09/10/23,0,0,0,30,0,0,0,0,20,0,0,0,0,0,0
1106,09/11/23,0,0,0,0,0,0,0,0,0,0,0,0,0,0,0
1107,09/12/23,0,0,0,0,0,0,0,0,0,0,0,0,0,0,0
1108,09/13/23,0,0,0,15,0,0,0,0,20,0,0,0,0,0,0
1109,09/14/23,0,0,0,0,0,0,0,0,0,0,0,0,0,12,0
1110,09/15/23,0,0,0,45,0,0,0,0,0,0,0,0,0,0,0
1111,09/16/23,0,0,0,0,0,0,0,0,0,0,16,0,0,0,0
1112,09/17/23,0,0,0,0,0,0,0,0,0,0,24,0,0,24,0
1113,09/18/23,0,0,0,0,0,0,0,0,0,0,0,0,0,0,0
1114,09/19/23,0,0,0,0,0,0,0,0,0,0,24,0,0,0,0
1115,09/20/23,0,0,0,15,0,0,0,0,0,0,0,0,0,0,0
1116,09/21/23,0,0,0,30,0,0,0,0,10,0,0,0,0,0,0
1117,09/22/23,0,0,0,0,0,0,0,0,0,0,8,0,0,24,0
1118,09/23/23,0,0,0,15,0,0,0,0,30,0,8,0,0,24,0
1119,09/24/23,0,0,0,0,0,0,0,0,30,0,24,0,0,0,0
1120,09/25/23,0,0,0,0,0,0,0,0,0,0,0,0,0,0,0
1121,09/26/23,0,0,0,0,0,0,0,0,0,0,8,0,0,36,0
1122,09/27/23,0,0,0,0,0,0,0,0,10,0,0,0,0,12,0
1123,09/28/23,0,0,0,0,0,0,0,0,0,0,0,0,0,24,0
1124,09/29/23,0,0,0,0,0,0,0,0,0,0,16,0,0,0,0
1125,09/30/23,0,0,0,0,0,0,0,0,0,0,0,0,0,36,0
1126,10/01/23,0,0,0,0,0,0,0,0,0,0,8,0,0,12,0
1127,10/02/23,0,0,0,0,0,0,0,0,0,0,0,0,0,0,0
1128,10/03/23,0,0,0,15,0,0,0,0,10,0,0,0,0,24,0
1129,10/04/23,0,0,0,0,0,0,0,0,0,0,8,0,0,0,0
1130,10/05/23,0,0,0,0,0,0,0,0,30,0,0,0,0,0,0
1131,10/06/23,0,0,0,30,0,0,0,0,0,0,0,0,0,24,0
1132,10/07/23,0,0,0,0,0,0,0,0,0,0,0,0,0,36,0
1133,10/08/23,0,0,0,0,0,0,0,0,0,0,0,0,0,0,0
1134,10/09/23,0,0,0,0,0,0,0,0,0,0,0,0,0,0,0
1135,10/10/23,0,0,0,15,0,0,0,0,10,0,0,0,0,12,0
1136,10/11/23,0,0,0,0,0,0,0,0,0,0,0,0,0,0,0
1137,10/12/23,0,0,0,0,0,0,0,0,0,0,16,0,0,0,0
1138,10/13/23,0,0,0,0,0,0,0,0,0,0,8,0,0,0,0
1139,10/14/23,0,0,0,0,0,0,0,0,0,0,0,0,0,24,0
1140,10/15/23,0,0,0,30,0,0,0,0,0,0,0,0,0,24,0
1141,10/16/23,0,0,0,0,0,0,0,0,0,0,0,0,0,0,0
1142,10/17/23,0,0,0,0,0,0,0,0,30,0,8,0,0,36,0
1143,10/18/23,0,0,0,15,0,0,0,0,0,0,16,0,0,0,0
1144,10/19/23,0,0,0,0,0,0,0,0,30,0,24,0,0,12,0
1145,10/20/23,0,0,0,30,0,0,0,0,10,0,16,0,0,0,0
1146,10/21/23,0,0,0,0,0,0,0,0,0,0,0,0,0,0,0
1147,10/22/23,0,0,0,0,0,0,0,0,0,0,16,0,0,36,0
1148,10/23/23,0,0,0,0,0,0,0,0,0,0,0,0,0,0,0
1149,10/24/23,0,0,0,15,0,0,0,0,20,0,0,0,0,36,0
1150,10/25/23,0,0,0,0,0,0,0,0,30,0,0,0,0,24,0
1151,10/26/23,0,0,0,30,0,0,0,0,0,0,24,0,0,0,0
1152,10/27/23,0,0,0,0,0,0,0,0,30,0,0,0,0,0,0
1153,10/28/23,0,0,0,0,0,0,0,0,0,0,0,0,0,24,0
1154,10/29/23,0,0,0,0,0,0,0,0,0,0,0,0,0,0,0
1155,10/30/23,0,0,0,0,0,0,0,0,0,0,0,0,0,0,0
1156,10/31/23,0,0,0,0,0,0,0,0,20,0,0,0,0,24,0
1157,11/01/23,0,0,0,30,0,0,0,0,0,0,8,0,0,0,0
1158,11/02/23,0,0,0,45,0,0,0,0,0,0,16,0,0,0,0
1159,11/03/23,0,0,0,30,0,0,0,0,0,0,16,0,0,0,0
1160,11/04/23,0,0,0,0,0,0,0,0,0,0,16,0,0,0,0
1161,11/05/23,0,0,0,0,0,0,0,0,20,0,0,0,0,0,0
1162,11/06/23,0,0,0,0,0,0,0,0,0,0,0,0,0,0,0
1163,11/07/23,0,0,0,45,0,0,0,0,10,0,0,0,0,12,0
1164,11/08/23,0,0,0,0,0,0,0,0,0,0,0,0,0,0,0
1165,11/09/23,0,0,0,30,0,0,0,0,0,0,0,0,0,0,0
1166,11/10/23,0,0,0,0,0,0,0,0,0,0,0,0,0,24,0
1167,11/11/23,0,0,0,30,0,0,0,0,0,0,24,0,0,24,0
1168,11/12/23,0,0,0,0,0,0,0,0,0,0,0,0,0,24,0
1169,11/13/23,0,0,0,0,0,0,0,0,0,0,0,0,0,0,0
1170,11/14/23,0,0,0,0,0,0,0,0,20,0,0,0,0,12,0
1171,11/15/23,0,0,0,45,0,0,0,0,0,0,0,0,0,0,0
1172,11/16/23,0,0,0,30,0,0,0,0,0,0,0,0,0,36,0
1173,11/17/23,0,0,0,30,0,0,0,0,30,0,0,0,0,36,0
1174,11/18/23,0,0,0,0,0,0,0,0,0,0,0,0,0,0,0
1175,11/19/23,0,0,0,0,0,0,0,0,0,0,0,0,0,24,0
1176,11/20/23,0,0,0,0,0,0,0,0,0,0,0,0,0,0,0
1177,11/21/23,0,0,0,30,0,0,0,0,20,0,24,0,0,36,0
1178,11/22/23,0,0,0,45,0,0,0,0,0,0,8,0,0,0,0
1179,11/23/23,0,0,0,15,0,0,0,0,0,0,24,0,0,0,0
1180,11/24/23,0,0,0,0,0,0,0,0,0,0,0,0,0,36,0
1181,11/25/23,0,0,0,0,0,0,0,0,30,0,0,0,0,36,0
1182,11/26/23,0,0,0,15,0,0,0,0,0,0,24,0,0,12,0
1183,11/27/23,0,0,0,0,0,0,0,0,0,0,0,0,0,0,0
1184,11/28/23,0,0,0,0,0,0,0,0,0,0,0,0,0,0,0
1185,11/29/23,0,0,0,45,0,0,0,0,20,0,0,0,0,0,0
1186,11/30/23,0,0,0,0,0,0,0,0,0,0,24,0,0,36,0
1187,12/01/23,0,0,0,0,0,0,0,0,0,0,0,0,0,0,0
1188,12/02/23,0,0,0,0,0,0,0,0,0,0,8,0,0,0,0
1189,12/03/23,0,0,0,30,0,0,0,0,20,0,8,0,0,24,0
1190,12/04/23,0,0,0,0,0,0,0,0,0,0,0,0,0,0,0
1191,12/05/23,0,0,0,45,0,0,0,0,10,0,24,0,0,36,0
1192,12/06/23,0,0,0,0,0,0,0,0,0,0,0,0,0,0,0
1193,12/07/23,0,0,0,0,0,0,0,0,0,0,16,0,0,24,0
1194,12/08/23,0,0,0,30,0,0,0,0,20,0,16,0,0,0,0
1195,12/09/23,0,0,0,45,0,0,0,0,20,0,24,0,0,0,0
1196,12/10/23,0,0,0,30,0,0,0,0,0,0,8,0,0,24,0
1197,12/11/23,0,0,0,0,0,0,0,0,0,0,0,0,0,0,0
1198,12/12/23,0,0,0,0,0,0,0,0,30,0,16,0,0,0,0
1199,12/13/23,0,0,0,0,0,0,0,0,30,0,0,0,0,0,0
1200,12/14/23,0,0,0,0,0,0,0,0,0,0,0,0,0,24,0
1201,12/15/23,0,0,0,0,0,0,0,0,0,0,0,0,0,0,0
1202,12/16/23,0,0,0,0,0,0,0,0,0,0,0,0,0,0,0
1203,12/17/23,0,0,0,0,0,0,0,0,0,0,0,0,0,0,0
1204,12/18/23,0,0,0,0,0,0,0,0,0,0,0,0,0,0,0
1205,12/19/23,0,0,0,0,0,0,0,0,0,0,0,0,0,24,0
1206,12/20/23,0,0,0,15,0,0,0,0,0,0,16,0,0,24,0
1207,12/21/23,0,0,0,0,0,0,0,0,0,0,0,0,0,0,0
1208,12/22/23,0,0,0,0,0,0,0,0,0,0,0,0,0,0,0
1209,12/23/23,0,0,0,0,0,0,0,0,0,0,0,0,0,0,0
1210,12/24/23,0,0,0,0,0,0,0,0,0,0,0,0,0,0,0
1211,12/25/23,0,0,0,0,0,0,0,0,0,0,0,0,0,0,0
1212,12/26/23,0,0,0,0,0,0,0,0,0,0,0,0,0,0,0
1213,12/27/23,0,0,0,0,0,0,0,0,0,0,0,0,0,0,0
1214,12/28/23,0,0,0,0,0,0,0,0,0,0,0,0,0,0,0
1215,12/29/23,0,0,0,0,0,0,0,0,0,0,0,0,0,0,0
1216,12/30/23,0,0,0,0,0,0,0,0,0,0,0,0,0,0,0
1217,12/31/23,0,0,0,0,0,0,0,0,0,0,0,0,0,0,0
1218,01/01/24,0,0,0,0,0,0,0,0,0,0,0,0,0,0,0
1219,01/02/24,0,0,0,0,0,0,0,0,0,0,0,0,0,0,0
1220,01/03/24,0,0,0,0,0,0,0,0,0,0,0,0,0,0,0
1221,01/04/24,0,0,0,0,0,0,0,0,0,0,0,0,0,0,0
1222,01/05/24,0,0,0,0,0,0,0,0,0,0,0,0,0,0,0
1223,01/06/24,0,0,0,0,0,0,0,0,0,0,0,0,0,0,0
1224,01/07/24,0,0,0,0,0,0,0,0,0,0,0,0,0,0,0
1225,01/08/24,0,0,0,0,0,0,0,0,0,0,0,0,0,0,0
1226,01/09/24,0,0,0,0,0,0,0,0,0,0,0,0,0,0,0
1227,01/10/24,0,0,0,0,0,0,0,0,0,0,0,0,0,0,0
1228,01/11/24,0,0,0,0,0,0,0,0,0,0,0,0,0,0,0
1229,01/12/24,0,0,0,0,0,0,0,0,0,0,0,0,0,0,0
1230,01/13/24,0,0,28,0,0,0,0,2,0,0,0,0,0,0,0
1231,01/14/24,0,0,0,0,0,0,0,0,0,0,0,0,0,0,0
1232,01/15/24,0,0,0,0,0,0,0,0,0,0,0,0,0,0,0
1233,01/16/24,0,0,14,0,0,0,0,0,0,0,0,0,0,0,0
1234,01/17/24,0,0,0,0,0,0,0,2,0,0,0,0,0,0,0
1235,01/18/24,0,0,0,0,0,0,0,3,0,0,0,0,0,0,0
1236,01/19/24,22,0,42,0,0,0,0,1,0,0,0,0,0,0,0
1237,01/20/24,0,0,42,0,0,0,0,0,0,0,0,0,0,0,0
1238,01/21/24,0,0,0,0,0,0,0,0,0,0,0,0,0,0,0
1239,01/22/24,0,0,0,0,0,0,0,0,0,0,0,0,0,0,0
1240,01/23/24,44,0,28,0,0,0,0,0,0,0,0,0,0,0,0
1241,01/24/24,0,0,28,0,0,0,0,0,0,0,0,0,0,0,0
1242,01/25/24,66,0,42,0,0,0,0,0,0,0,0,0,0,0,0
1243,01/26/24,0,0,0,0,0,0,0,0,0,0,0,0,0,0,0
1244,01/27/24,44,0,42,0,0,0,0,1,0,0,0,0,0,0,0
1245,01/28/24,0,0,0,0,0,0,0,0,0,0,0,0,0,0,0
1246,01/29/24,0,0,0,0,0,0,0,0,0,0,0,0,0,0,0
1247,01/30/24,0,0,14,0,0,0,0,0,0,0,0,0,0,0,0
1248,01/31/24,0,0,0,0,0,0,0,0,0,0,0,0,0,0,0
1249,02/01/24,66,0,0,0,0,0,0,2,0,0,0,0,0,0,0
1250,02/02/24,0,0,0,0,0,0,0,0,0,0,0,0,0,0,0
1251,02/03/24,0,0,0,0,0,0,0,0,0,0,0,0,0,0,0
1252,02/04/24,0,0,0,0,0,0,0,0,0,0,0,0,0,0,0
1253,02/05/24,0,0,0,0,0,0,0,0,0,0,0,0,0,0,0
1254,02/06/24,0,0,0,0,0,0,0,0,0,0,0,0,0,0,0
1255,02/07/24,0,0,0,0,0,0,0,0,0,0,0,0,0,0,0
1256,02/08/24,0,0,42,0,0,0,0,0,0,0,0,0,0,0,0
1257,02/09/24,66,0,42,0,0,0,0,2,0,0,0,0,0,0,0
1258,02/10/24,44,0,0,0,0,0,0,0,0,0,0,0,0,0,0
1259,02/11/24,0,0,0,0,0,0,0,2,0,0,0,0,0,0,0
1260,02/12/24,0,0,0,0,0,0,0,0,0,0,0,0,0,0,0
1261,02/13/24,22,0,14,0,0,0,0,0,0,0,0,0,0,0,0
1262,02/14/24,0,0,0,0,0,0,0,0,0,0,0,0,0,0,0
1263,02/15/24,22,0,0,0,0,0,0,0,0,0,0,0,0,0,0
1264,02/16/24,0,0,0,0,0,0,0,1,0,0,0,0,0,0,0
1265,02/17/24,66,0,14,0,0,0,0,3,0,0,0,0,0,0,0
